-- phpMyAdmin SQL Dump
-- version 4.5.1
-- http://www.phpmyadmin.net
--
-- Host: 127.0.0.1
-- Generation Time: Oct 13, 2017 at 02:12 PM
-- Server version: 10.1.19-MariaDB
-- PHP Version: 5.5.38

SET SQL_MODE = "NO_AUTO_VALUE_ON_ZERO";
SET time_zone = "+00:00";


/*!40101 SET @OLD_CHARACTER_SET_CLIENT=@@CHARACTER_SET_CLIENT */;
/*!40101 SET @OLD_CHARACTER_SET_RESULTS=@@CHARACTER_SET_RESULTS */;
/*!40101 SET @OLD_COLLATION_CONNECTION=@@COLLATION_CONNECTION */;
/*!40101 SET NAMES utf8mb4 */;

--
-- Database: `raghuerp_dbnew`
--

-- --------------------------------------------------------

--
-- Table structure for table `branches`
--

CREATE TABLE `branches` (
  `id` int(11) NOT NULL,
  `branch` varchar(15) NOT NULL,
  `course` int(11) NOT NULL,
  `fullname` varchar(50) NOT NULL,
  `status` tinyint(4) NOT NULL
) ENGINE=InnoDB DEFAULT CHARSET=latin1;

--
-- Dumping data for table `branches`
--

INSERT INTO `branches` (`id`, `branch`, `course`, `fullname`, `status`) VALUES
(1, 'CAD/CAM', 2, 'Computer Aided Design', 1),
(2, 'CIVIL', 1, 'Civil Engineering', 1),
(3, 'CIVIL ', 4, 'Civil Engineering', 1),
(4, 'CSE', 1, 'Computer Science and Engineering', 1),
(5, 'CSE', 4, 'Computer Science and Engineering College', 1),
(6, 'CSE', 2, 'Computer Science and Engineering', 1),
(7, 'CSE', 3, 'Computer Science and Engineering', 1),
(8, 'ECE', 1, 'Electronics and Communication Engineering', 1),
(9, 'ECE', 4, 'Electronics and Communication Engineering', 1),
(10, 'EEE', 1, 'Electrical and Electronical Engineering', 1),
(11, 'EEE', 4, 'Electrical and Electronical Engineering', 1),
(12, 'Embd Sys & VLSI', 3, 'Embedded System and Very-large-scale integration', 1),
(13, 'Embd.Sys', 2, 'Embedded Systems', 1),
(14, 'M.D', 3, 'Machine Design', 1),
(15, 'MECH', 1, 'Mechanical Engineering', 1),
(16, 'MECH', 4, 'Mechanical Engineering', 1),
(17, 'P.E', 2, 'Power Electronics', 1),
(18, 'P.E', 3, 'Power Electronics', 1),
(19, 'S.E', 2, 'Software Engineering', 1),
(20, 's/w', 5, 'S/w', 1);

-- --------------------------------------------------------

--
-- Table structure for table `colleges`
--

CREATE TABLE `colleges` (
  `id` int(11) NOT NULL,
  `college` varchar(5) NOT NULL,
  `full_name` varchar(30) NOT NULL,
  `status` tinyint(4) NOT NULL
) ENGINE=InnoDB DEFAULT CHARSET=utf8;

--
-- Dumping data for table `colleges`
--

INSERT INTO `colleges` (`id`, `college`, `full_name`, `status`) VALUES
(1, 'REC', 'Raghu Engineering College', 1),
(2, 'RIT', 'Raghu Institute of Technology', 1),
(3, 'RCP', 'Raghu College of Pharmacy', 1),
(4, 'RES', 'Raghu Engineering College(Akv)', 1);

-- --------------------------------------------------------

--
-- Table structure for table `departments`
--

CREATE TABLE `departments` (
  `id` int(11) NOT NULL,
  `department` varchar(10) NOT NULL,
  `full_name` varchar(50) NOT NULL,
  `college` int(11) NOT NULL,
  `status` tinyint(4) NOT NULL
) ENGINE=InnoDB DEFAULT CHARSET=utf8;

--
-- Dumping data for table `departments`
--

INSERT INTO `departments` (`id`, `department`, `full_name`, `college`, `status`) VALUES
(1, 'CIVIL', 'Civil Engineering', 1, 1),
(2, 'CIVIL', 'Civil Engineering', 2, 1),
(3, 'CSE', 'Computer Science and Engineering', 1, 1),
(4, 'CSE', 'Computer Science and Engineering', 2, 1),
(5, 'ECE', 'Electronics and Communication Engineering', 1, 1),
(6, 'ECE', 'Electronics and Communication Engineering', 2, 1),
(7, 'EEE', 'Electrical and Electronics Engineering', 1, 1),
(8, 'EEE', 'Electrical and Electronics Engineering', 2, 1),
(9, 'MECH', 'Mechanical Engineering', 1, 1),
(10, 'MECH', 'Mechanical Engineering', 2, 1),
(11, 'HNS', 'Human Science', 2, 1),
(12, 'sw', 'S/w', 4, 1);

-- --------------------------------------------------------

--
-- Table structure for table `messages`
--

CREATE TABLE `messages` (
  `mid` int(11) NOT NULL,
  `mtype` varchar(10) NOT NULL,
  `mailtype` varchar(10) NOT NULL,
  `application_type` varchar(30) NOT NULL,
  `mto` varchar(255) NOT NULL,
  `cc` varchar(255) NOT NULL,
  `bcc` varchar(255) NOT NULL,
  `subject` varchar(255) NOT NULL,
  `message` text NOT NULL,
  `processed` bit(1) NOT NULL DEFAULT b'0',
  `processed_return` text NOT NULL,
  `insert_dt` timestamp NOT NULL DEFAULT CURRENT_TIMESTAMP
) ENGINE=InnoDB DEFAULT CHARSET=latin1;

--
-- Dumping data for table `messages`
--

INSERT INTO `messages` (`mid`, `mtype`, `mailtype`, `application_type`, `mto`, `cc`, `bcc`, `subject`, `message`, `processed`, `processed_return`, `insert_dt`) VALUES
(1, 'sms', 'smstype', 'issue-register', '9441129994', 'cc', 'bcc', 'subject', 'Status of issue "test" changed to ""', b'0', '', '2017-10-05 11:08:21'),
(2, 'sms', 'smstype', 'issue-register', '8297355115', 'cc', 'bcc', 'subject', 'Status of issue "test" changed to "Resolution in Progress"', b'0', '', '2017-10-05 11:08:57'),
(3, 'sms', 'smstype', 'issue-register', '9848829185', 'cc', 'bcc', 'subject', 'Status of issue "dgd" changed to "Resolution in Progress"', b'0', '', '2017-10-05 11:26:08'),
(4, 'sms', 'smstype', 'issue-register', '9701329977', 'cc', 'bcc', 'subject', 'Status of issue "at floor" changed to "Verified & Resolved"', b'0', '', '2017-10-05 11:48:52'),
(5, 'sms', 'smstype', 'issue-register', 'rec0044', 'cc', 'bcc', 'subject', 'New Issue raised in "Civil" category - test', b'0', '', '2017-10-06 05:32:18'),
(6, 'sms', 'smstype', 'issue-register', '9441129994', 'cc', 'bcc', 'subject', 'Status of issue "test" changed to "Pending"', b'0', '', '2017-10-06 06:12:27'),
(7, 'sms', 'smstype', 'issue-register', '9441129994', 'cc', 'bcc', 'subject', 'Status of issue "test" changed to "Resolution in Progress"', b'0', '', '2017-10-06 06:15:44'),
(8, 'sms', 'smstype', 'issue-register', 'rec0044', 'cc', 'bcc', 'subject', 'New Issue raised in "Civil" category - no cement', b'0', '', '2017-10-06 06:26:51'),
(9, 'sms', 'smstype', 'issue-register', 'rec0044', 'cc', 'bcc', 'subject', 'New Issue raised in "Sanitation" category - dust', b'0', '', '2017-10-06 06:44:52'),
(10, 'sms', 'smstype', 'issue-register', '8297355115', 'cc', 'bcc', 'subject', 'Status of issue "tdftgdg" changed to ""', b'0', '', '2017-10-06 07:29:06'),
(11, 'sms', 'smstype', 'issue-register', '9441129994', 'cc', 'bcc', 'subject', 'Status of issue "test" changed to ""', b'0', '', '2017-10-06 07:31:09'),
(12, 'sms', 'smstype', 'issue-register', '9441129994', 'cc', 'bcc', 'subject', 'Status of issue "test" changed to "Resolution in Progress"', b'0', '', '2017-10-06 07:32:20'),
(13, 'sms', 'smstype', 'issue-register', '8297355115', 'cc', 'bcc', 'subject', 'Status of issue "test" changed to "Verified & Resolved"', b'0', '', '2017-10-06 08:12:46'),
(14, 'sms', 'smstype', 'issue-register', 'rec0044,rec0045', 'cc', 'bcc', 'subject', 'New Issue raised in "Electrical" category - vcbcvbc', b'0', '', '2017-10-06 08:48:12'),
(15, 'sms', 'smstype', 'issue-register', 'rec0044,rec0045', 'cc', 'bcc', 'subject', 'New Issue raised in "Electrical" category - fgdfg', b'0', '', '2017-10-06 08:48:53'),
(16, 'sms', 'smstype', 'issue-register', 'rec0044,rec0080', 'cc', 'bcc', 'subject', 'New Issue raised in "Carpentary" category - ghfhh', b'0', '', '2017-10-06 08:49:46'),
(17, 'sms', 'smstype', 'issue-register', 'rec0044,rec0045', 'cc', 'bcc', 'subject', 'New Issue raised in "Electrical" category - fgdsg', b'0', '', '2017-10-06 09:11:51'),
(18, 'sms', 'smstype', 'issue-register', 'rec0044', 'cc', 'bcc', 'subject', 'New Issue raised in "Civil" category - sadasd', b'0', '', '2017-10-06 09:12:50'),
(19, 'sms', 'smstype', 'issue-register', '9441129994', 'cc', 'bcc', 'subject', 'Status of issue "test" changed to ""', b'0', '', '2017-10-06 10:16:42'),
(20, 'sms', 'smstype', 'issue-register', 'rec0044', 'cc', 'bcc', 'subject', 'New Issue raised in "Civil" category - fsdfsfsd', b'0', '', '2017-10-06 10:31:02'),
(21, 'sms', 'smstype', 'issue-register', 'rec0044', 'cc', 'bcc', 'subject', 'New Issue raised in "Water Supply" category - fsdfsdf', b'0', '', '2017-10-06 10:32:16'),
(22, 'sms', 'smstype', 'issue-register', '9441129994', 'cc', 'bcc', 'subject', 'Status of issue "test" changed to "Resolution in Progress"', b'0', '', '2017-10-09 03:41:30'),
(23, 'sms', 'smstype', 'issue-register', '9441129994', 'cc', 'bcc', 'subject', 'Status of issue "test" changed to "Verified & Resolved"', b'0', '', '2017-10-09 03:42:12'),
(24, 'sms', 'smstype', 'issue-register', '9848829185', 'cc', 'bcc', 'subject', 'Status of issue "test of ram" changed to ""', b'0', '', '2017-10-09 03:46:04'),
(25, 'sms', 'smstype', 'issue-register', 'rec0044', 'cc', 'bcc', 'subject', 'New Issue raised in "AC" category - asd', b'0', '', '2017-10-09 04:05:05'),
(26, 'sms', 'smstype', 'issue-register', '8297355115', 'cc', 'bcc', 'subject', 'Status of issue "asd" changed to "Resolution in Progress"', b'0', '', '2017-10-09 04:05:31'),
(27, 'sms', 'smstype', 'issue-register', '9441129994', 'cc', 'bcc', 'subject', 'Status of issue "test  of ac" changed to ""', b'0', '', '2017-10-09 04:13:43'),
(28, 'sms', 'smstype', 'issue-register', '9441129994', 'cc', 'bcc', 'subject', 'Status of issue "test" changed to ""', b'0', '', '2017-10-09 04:15:10'),
(29, 'sms', 'smstype', 'issue-register', '9441129994', 'cc', 'bcc', 'subject', 'Status of issue "test" changed to ""', b'0', '', '2017-10-09 04:20:42'),
(30, 'sms', 'smstype', 'issue-register', '9441129994', 'cc', 'bcc', 'subject', 'Status of issue "test" changed to ""', b'0', '', '2017-10-09 04:22:20'),
(31, 'sms', 'smstype', 'issue-register', '9441129994', 'cc', 'bcc', 'subject', 'Status of issue "test" changed to ""', b'0', '', '2017-10-09 04:34:16'),
(32, 'sms', 'smstype', 'issue-register', '9441129994', 'cc', 'bcc', 'subject', 'Status of issue "test" changed to ""', b'0', '', '2017-10-09 04:34:49'),
(33, 'sms', 'smstype', 'issue-register', '9441129994', 'cc', 'bcc', 'subject', 'Status of issue "test  of ac" changed to ""', b'0', '', '2017-10-09 04:45:38'),
(34, 'sms', 'smstype', 'issue-register', '9441129994', 'cc', 'bcc', 'subject', 'Status of issue "test  of ac" changed to ""', b'0', '', '2017-10-09 04:45:56'),
(35, 'sms', 'smstype', 'issue-register', '9441129994', 'cc', 'bcc', 'subject', 'Status of issue "test" changed to ""', b'0', '', '2017-10-09 04:46:52'),
(36, 'sms', 'smstype', 'issue-register', '9848829185', 'cc', 'bcc', 'subject', 'Status of issue "test" changed to ""', b'0', '', '2017-10-09 05:09:29'),
(37, 'sms', 'smstype', 'issue-register', '9441129994', 'cc', 'bcc', 'subject', 'Status of issue "test  of ac" changed to ""', b'0', '', '2017-10-09 05:11:13'),
(38, 'sms', 'smstype', 'issue-register', '9441129994', 'cc', 'bcc', 'subject', 'Status of issue "test" changed to ""', b'0', '', '2017-10-09 05:12:46'),
(39, 'sms', 'smstype', 'issue-register', '9441129994', 'cc', 'bcc', 'subject', 'Status of issue "test" changed to ""', b'0', '', '2017-10-09 05:18:45'),
(40, 'sms', 'smstype', 'issue-register', '9441129994', 'cc', 'bcc', 'subject', 'Status of issue "test" changed to ""', b'0', '', '2017-10-09 05:21:31'),
(41, 'sms', 'smstype', 'issue-register', '9441129994', 'cc', 'bcc', 'subject', 'Status of issue "test" changed to ""', b'0', '', '2017-10-09 05:25:39'),
(42, 'sms', 'smstype', 'issue-register', '9441129994', 'cc', 'bcc', 'subject', 'Status of issue "test" changed to ""', b'0', '', '2017-10-09 05:26:40'),
(43, 'sms', 'smstype', 'issue-register', '9441129994', 'cc', 'bcc', 'subject', 'Status of issue "test" changed to ""', b'0', '', '2017-10-09 05:27:07'),
(44, 'sms', 'smstype', 'issue-register', '9441129994', 'cc', 'bcc', 'subject', 'Status of issue "test" changed to ""', b'0', '', '2017-10-09 05:27:44'),
(45, 'sms', 'smstype', 'issue-register', '9441129994', 'cc', 'bcc', 'subject', 'Status of issue "test1" changed to ""', b'0', '', '2017-10-09 05:31:10'),
(46, 'sms', 'smstype', 'issue-register', '9441129994', 'cc', 'bcc', 'subject', 'Status of issue "test1" changed to ""', b'0', '', '2017-10-09 05:36:03'),
(47, 'sms', 'smstype', 'issue-register', '9848829185', 'cc', 'bcc', 'subject', 'Status of issue "test of ram" changed to ""', b'0', '', '2017-10-09 05:37:31'),
(48, 'sms', 'smstype', 'issue-register', '9441129994', 'cc', 'bcc', 'subject', 'Status of issue "test" changed to ""', b'0', '', '2017-10-09 05:46:24'),
(49, 'sms', 'smstype', 'issue-register', 'rec0044', 'cc', 'bcc', 'subject', 'New Issue raised in "gardening" category - plan', b'0', '', '2017-10-09 06:05:32'),
(50, 'sms', 'smstype', 'issue-register', '9908640028', 'cc', 'bcc', 'subject', 'Status of issue "plan" changed to "Resolution in Progress"', b'0', '', '2017-10-09 06:07:59'),
(51, 'sms', 'smstype', 'issue-register', '9441129994', 'cc', 'bcc', 'subject', 'Status of issue "test" changed to ""', b'0', '', '2017-09-10 07:23:24'),
(52, 'sms', 'smstype', 'issue-register', 'rec0044', 'cc', 'bcc', 'subject', 'AC Issue at not workin - not working - Raised by - V.SOMASEKHARAM(8297355115)', b'0', '', '2017-09-10 07:31:18'),
(53, 'sms', 'smstype', 'issue-register', '8297355115', 'cc', 'bcc', 'subject', 'Your Request has been raised  in  domain - "AC"', b'0', '', '2017-09-10 07:31:18'),
(54, 'sms', 'smstype', 'issue-register', 'rec0044', 'cc', 'bcc', 'subject', 'Carpentary Issue at not working - not working - Raised by - V.SOMASEKHARAM(8297355115)', b'0', '', '2017-09-10 07:32:23'),
(55, 'sms', 'smstype', 'issue-register', 'rec0080', 'cc', 'bcc', 'subject', 'Carpentary Issue at not working - not working - Raised by - V.SOMASEKHARAM(8297355115)', b'0', '', '2017-09-10 07:32:23'),
(56, 'sms', 'smstype', 'issue-register', '8297355115', 'cc', 'bcc', 'subject', 'Your Request has been raised  in  domain - "Carpentary"', b'0', '', '2017-09-10 07:32:23'),
(57, 'sms', 'smstype', 'issue-register', '8297355115', 'cc', 'bcc', 'subject', 'Status of issue "not working" changed to "Resolution in Progress"', b'0', '', '2017-09-10 07:33:17'),
(58, 'sms', 'smstype', 'issue-register', 'rec0044', 'cc', 'bcc', 'subject', 'New Issue raised in "Electrical" category - cfzf', b'0', '', '2017-09-10 07:42:50'),
(59, 'sms', 'smstype', 'issue-register', 'rec0044,rec0080', 'cc', 'bcc', 'subject', 'New Issue raised in "Carpentary" category - test', b'0', '', '2017-09-10 07:46:52'),
(60, 'sms', 'smstype', 'issue-register', '9440649945', 'cc', 'bcc', 'subject', 'Status of issue "test" changed to ""', b'0', '', '2017-09-10 07:47:33'),
(61, 'sms', 'smstype', 'issue-register', '9440649945', 'cc', 'bcc', 'subject', 'Status of issue "test2" changed to ""', b'0', '', '2017-09-10 07:47:47'),
(62, 'sms', 'smstype', 'issue-register', '9440649945', 'cc', 'bcc', 'subject', 'Status of issue "testa" changed to ""', b'0', '', '2017-09-10 07:51:20'),
(63, 'sms', 'smstype', 'issue-register', '9440649945', 'cc', 'bcc', 'subject', 'Status of issue "testa" changed to ""', b'0', '', '2017-09-10 08:50:30'),
(64, 'sms', 'smstype', 'issue-register', '8297355115', 'cc', 'bcc', 'subject', 'Status of issue "not working" changed to "Assigned"', b'0', '', '2017-09-10 08:51:14'),
(65, 'sms', 'smstype', 'issue-register', 'rec0044', 'cc', 'bcc', 'subject', 'New Issue raised in "Electrical" category - fa', b'0', '', '2017-09-10 11:07:59'),
(66, 'sms', 'smstype', 'issue-register', 'rec0044', 'cc', 'bcc', 'subject', 'Carpentary Issue at window broken at cellar - window broken - Raised by - JOSE MOSES(9701329977)', b'0', '', '2017-10-09 11:28:01'),
(67, 'sms', 'smstype', 'issue-register', 'rec0080', 'cc', 'bcc', 'subject', 'Carpentary Issue at window broken at cellar - window broken - Raised by - JOSE MOSES(9701329977)', b'0', '', '2017-10-09 11:28:02'),
(68, 'sms', 'smstype', 'issue-register', '9701329977', 'cc', 'bcc', 'subject', 'Your Request has been raised  in  domain - "Carpentary"', b'0', '', '2017-10-09 11:28:02'),
(69, 'sms', 'smstype', 'issue-register', 'rec0044', 'cc', 'bcc', 'subject', 'Carpentary Issue at WINDOW BROKEN AT CELLAR - Window broken - Raised by - JOSE MOSES(9701329977)', b'0', '', '2017-10-09 11:48:19'),
(70, 'sms', 'smstype', 'issue-register', 'rec0080', 'cc', 'bcc', 'subject', 'Carpentary Issue at WINDOW BROKEN AT CELLAR - Window broken - Raised by - JOSE MOSES(9701329977)', b'0', '', '2017-10-09 11:48:19'),
(71, 'sms', 'smstype', 'issue-register', '9701329977', 'cc', 'bcc', 'subject', 'Your Request has been raised  in  domain - "Carpentary"', b'0', '', '2017-10-09 11:48:20'),
(72, 'sms', 'smstype', 'issue-register', 'rec0044', 'cc', 'bcc', 'subject', 'Carpentary Issue at window broken at cellar - window broken - Raised by - JOSE MOSES(9701329977)', b'0', '', '2017-10-09 11:58:33'),
(73, 'sms', 'smstype', 'issue-register', 'rec0080', 'cc', 'bcc', 'subject', 'Carpentary Issue at window broken at cellar - window broken - Raised by - JOSE MOSES(9701329977)', b'0', '', '2017-10-09 11:58:33'),
(74, 'sms', 'smstype', 'issue-register', '9701329977', 'cc', 'bcc', 'subject', 'Your Request has been raised  in  domain - "Carpentary"', b'0', '', '2017-10-09 11:58:33'),
(75, 'sms', 'smstype', 'issue-register', 'rec0044', 'cc', 'bcc', 'subject', 'Carpentary Issue at at  sea - at sea - Raised by - JOSE MOSES(9701329977)', b'0', '', '2017-10-09 12:24:44'),
(76, 'sms', 'smstype', 'issue-register', 'rec0080', 'cc', 'bcc', 'subject', 'Carpentary Issue at at  sea - at sea - Raised by - JOSE MOSES(9701329977)', b'0', '', '2017-10-09 12:24:44'),
(77, 'sms', 'smstype', 'issue-register', '9701329977', 'cc', 'bcc', 'subject', 'Your Request has been raised  in  domain - "Carpentary"', b'0', '', '2017-10-09 12:24:44'),
(78, 'sms', 'smstype', 'issue-register', '9966375939', 'cc', 'bcc', 'subject', 'Status of issue "fast" changed to ""', b'0', '', '2017-10-09 12:30:17'),
(79, 'sms', 'smstype', 'issue-register', 'rec0044', 'cc', 'bcc', 'subject', 'Carpentary Issue at dfsd - sdfsd - Raised by - N.MARKANDEYA GUPTA(9441129994)', b'0', '', '2017-10-11 06:03:53'),
(80, 'sms', 'smstype', 'issue-register', 'rec0080', 'cc', 'bcc', 'subject', 'Carpentary Issue at dfsd - sdfsd - Raised by - N.MARKANDEYA GUPTA(9441129994)', b'0', '', '2017-10-11 06:03:54'),
(81, 'sms', 'smstype', 'issue-register', '9441129994', 'cc', 'bcc', 'subject', 'Your Request has been raised  in  domain - "Carpentary"', b'0', '', '2017-10-11 06:03:54'),
(82, 'sms', 'smstype', 'issue-register', '8297355115', 'cc', 'bcc', 'subject', 'Status of issue "" changed to ""', b'0', '', '2017-10-11 06:10:10'),
(83, 'sms', 'smstype', 'issue-register', '9441129994', 'cc', 'bcc', 'subject', 'Status of issue "sdfsd" changed to ""', b'0', '', '2017-10-11 06:31:22'),
(84, 'sms', 'smstype', 'issue-register', 'rec0044', 'cc', 'bcc', 'subject', 'Civil Issue at test - test - Raised by - N.MARKANDEYA GUPTA(9441129994)', b'0', '', '2017-10-11 09:14:53'),
(85, 'sms', 'smstype', 'issue-register', '9441129994', 'cc', 'bcc', 'subject', 'Your Request has been raised  in  domain - "Civil"', b'0', '', '2017-10-11 09:14:53'),
(86, 'sms', 'smstype', 'issue-register', 'rec0044', 'cc', 'bcc', 'subject', 'Transportation Issue at bus not coming - bus not coming - Raised by - V.SOMASEKHARAM(8297355115)', b'0', '', '2017-10-11 10:36:34'),
(87, 'sms', 'smstype', 'issue-register', '8297355115', 'cc', 'bcc', 'subject', 'Your Request has been raised  in  domain - "Transportation"', b'0', '', '2017-10-11 10:36:34'),
(88, 'sms', 'smstype', 'issue-register', 'rec0044', 'cc', 'bcc', 'subject', 'Electrical Issue at test - test - Raised by - N.MARKANDEYA GUPTA(9441129994)', b'0', '', '2017-10-11 12:25:17'),
(89, 'sms', 'smstype', 'issue-register', '9441129994', 'cc', 'bcc', 'subject', 'Your Request has been raised  in  domain - "Electrical"', b'0', '', '2017-10-11 12:25:17'),
(90, 'sms', 'smstype', 'issue-register', 'rec0044', 'cc', 'bcc', 'subject', 'AC Issue at test - test - Raised by - V.SOMASEKHARAM(8297355115)', b'0', '', '2017-10-12 10:14:40'),
(91, 'sms', 'smstype', 'issue-register', '8297355115', 'cc', 'bcc', 'subject', 'Your Request has been raised  in  domain - "AC"', b'0', '', '2017-10-12 10:14:40'),
(92, 'sms', 'smstype', 'issue-register', 'rec0044', 'cc', 'bcc', 'subject', 'AC Issue at water leakage from ac at hall - water leakage - Raised by - SATYANARAYANA(9989609720)', b'0', '', '2017-10-12 10:33:45'),
(93, 'sms', 'smstype', 'issue-register', '9989609720', 'cc', 'bcc', 'subject', 'Your Request has been raised  in  domain - "AC"', b'0', '', '2017-10-12 10:33:45'),
(94, 'sms', 'smstype', 'issue-register', 'rec0044', 'cc', 'bcc', 'subject', 'Carpentary Issue at xv - fsd - Raised by - P.SRINIVAS(9032584863)', b'0', '', '2017-10-13 05:58:10'),
(95, 'sms', 'smstype', 'issue-register', 'rec0080', 'cc', 'bcc', 'subject', 'Carpentary Issue at xv - fsd - Raised by - P.SRINIVAS(9032584863)', b'0', '', '2017-10-13 05:58:10'),
(96, 'sms', 'smstype', 'issue-register', '9032584863', 'cc', 'bcc', 'subject', 'Your Request has been raised  in  domain - "Carpentary"', b'0', '', '2017-10-13 05:58:10'),
(97, 'sms', 'smstype', 'issue-register', 'rec0044', 'cc', 'bcc', 'subject', 'AC Issue at xzzc - xcvx - Raised by - V.SOMASEKHARAM(8297355115)', b'0', '', '2017-10-13 06:20:31'),
(98, 'sms', 'smstype', 'issue-register', '8297355115', 'cc', 'bcc', 'subject', 'Your Request has been raised  in  domain - "AC"', b'0', '', '2017-10-13 06:20:31'),
(99, 'sms', 'smstype', 'issue-register', 'rec0044', 'cc', 'bcc', 'subject', 'Carpentary Issue at fds - asfasffas - Raised by - V.SOMASEKHARAM(8297355115)', b'0', '', '2017-10-13 06:44:09'),
(100, 'sms', 'smstype', 'issue-register', 'rec0080', 'cc', 'bcc', 'subject', 'Carpentary Issue at fds - asfasffas - Raised by - V.SOMASEKHARAM(8297355115)', b'0', '', '2017-10-13 06:44:09'),
(101, 'sms', 'smstype', 'issue-register', '8297355115', 'cc', 'bcc', 'subject', 'Your Request has been raised  in  domain - "Carpentary"', b'0', '', '2017-10-13 06:44:09'),
(102, 'sms', 'smstype', 'issue-register', 'rec0044', 'cc', 'bcc', 'subject', 'Electrical Issue at fsdafdsf - asfsafaf - Raised by - V.SOMASEKHARAM(8297355115)', b'0', '', '2017-10-13 06:49:09'),
(103, 'sms', 'smstype', 'issue-register', '8297355115', 'cc', 'bcc', 'subject', 'Your Request has been raised  in  domain - "Electrical"', b'0', '', '2017-10-13 06:49:09'),
(104, 'sms', 'smstype', 'issue-register', 'rec0044', 'cc', 'bcc', 'subject', 'Civil Issue at test - test - Raised by - V.SOMASEKHARAM(8297355115)', b'0', '', '2017-10-13 07:47:29'),
(105, 'sms', 'smstype', 'issue-register', '8297355115', 'cc', 'bcc', 'subject', 'Your Request has been raised  in  domain - "Civil"', b'0', '', '2017-10-13 07:47:29'),
(106, 'sms', 'smstype', 'issue-register', 'rec0115', 'cc', 'bcc', 'subject', 'Transportation Issue at no bus - no bus - Raised by - PHANI RAMA KRISHNA (9491273518)', b'0', '', '2017-10-13 11:37:12'),
(107, 'sms', 'smstype', 'issue-register', '9491273518', 'cc', 'bcc', 'subject', 'Your Request has been raised  in  domain - "Transportation"', b'0', '', '2017-10-13 11:37:13');

-- --------------------------------------------------------

--
-- Table structure for table `staff`
--

CREATE TABLE `staff` (
  `id` smallint(6) UNSIGNED NOT NULL,
  `reg_no` varchar(12) NOT NULL,
  `title` varchar(10) NOT NULL,
  `firstname` varchar(255) DEFAULT NULL,
  `lastname` varchar(255) DEFAULT NULL,
  `dispname` varchar(15) DEFAULT NULL,
  `college` varchar(15) NOT NULL,
  `department` varchar(30) NOT NULL,
  `designation` varchar(255) NOT NULL,
  `qualification` varchar(255) NOT NULL,
  `email` varchar(255) NOT NULL,
  `mobile` varchar(20) NOT NULL,
  `dp` varchar(30) DEFAULT NULL,
  `father_name` varchar(255) NOT NULL,
  `mother_name` varchar(255) NOT NULL,
  `present_address` text,
  `permanent_address` text,
  `employment_type` varchar(20) NOT NULL,
  `pan` varchar(20) DEFAULT NULL,
  `pan_file` varchar(30) NOT NULL,
  `aadhar` varchar(20) DEFAULT NULL,
  `aadhar_file` varchar(30) DEFAULT NULL,
  `passport` varchar(25) DEFAULT NULL,
  `passport_file` varchar(30) NOT NULL,
  `dateob` date DEFAULT NULL,
  `doj` date DEFAULT NULL,
  `placeob` varchar(255) DEFAULT NULL,
  `stateob` varchar(50) DEFAULT NULL,
  `countryob` varchar(50) DEFAULT NULL,
  `gender` varchar(1) DEFAULT NULL,
  `nationality` varchar(30) DEFAULT NULL,
  `religion` varchar(30) DEFAULT NULL,
  `caste` varchar(30) DEFAULT NULL,
  `role` varchar(20) NOT NULL,
  `status` tinyint(1) NOT NULL,
  `created_at` timestamp NULL DEFAULT CURRENT_TIMESTAMP,
  `updated_at` timestamp NULL DEFAULT CURRENT_TIMESTAMP,
  `personal_email` varchar(255) NOT NULL,
  `personal_phone_no` varchar(255) NOT NULL,
  `spouce_name` varchar(255) NOT NULL,
  `spouce_age` varchar(255) NOT NULL,
  `spouce_employment` varchar(255) NOT NULL
) ENGINE=InnoDB DEFAULT CHARSET=utf8 ROW_FORMAT=COMPACT;

--
-- Dumping data for table `staff`
--

INSERT INTO `staff` (`id`, `reg_no`, `title`, `firstname`, `lastname`, `dispname`, `college`, `department`, `designation`, `qualification`, `email`, `mobile`, `dp`, `father_name`, `mother_name`, `present_address`, `permanent_address`, `employment_type`, `pan`, `pan_file`, `aadhar`, `aadhar_file`, `passport`, `passport_file`, `dateob`, `doj`, `placeob`, `stateob`, `countryob`, `gender`, `nationality`, `religion`, `caste`, `role`, `status`, `created_at`, `updated_at`, `personal_email`, `personal_phone_no`, `spouce_name`, `spouce_age`, `spouce_employment`) VALUES
(581, 'rec0001', 'Dr.', 'CH S N RAJU', 'G', 'Dr G CH S N RAJ', '1', '11', 'Associate Professor', 'M.A, M.Com, PhD', 'gchsnraju.hs@raghuenggcollege.in', '9440649945', NULL, '', '', NULL, NULL, 'Permanent', 'ASYPG2015M', '', '4615 0597 7631', '', NULL, '', NULL, '2001-11-15', NULL, NULL, NULL, 'M', NULL, NULL, NULL, '', 1, '2017-07-10 05:24:27', '2017-08-31 01:58:57', '', '', '', '', ''),
(582, 'rec0002', 'Dr.', 'VIJAY KUMAR', 'A', 'A VIJAY KUMAR', '1', '9', 'Associate Professor', 'M.E., PhD', 'vijay.mech@raghuenggcollege.in', '9963261138', NULL, '', '', NULL, NULL, 'Permanent', 'AOOPA1318K', '', '4930 3045 1889', '', NULL, '', NULL, '2003-06-10', NULL, NULL, NULL, 'M', NULL, NULL, NULL, '', 1, '2017-07-10 05:24:27', '2017-08-31 02:11:50', '', '', '', '', ''),
(583, 'rec0003', 'Dr.', 'SATYANARAYANA', 'S', 'Dr S SATYANARAY', '1', '3', 'Professor', 'M.Tech, PhD', 'satya.cse@raghuenggcollege.in', '9989609720', NULL, '', '', NULL, NULL, 'Permanent', 'BIVPS8106H', '', '6431 4791 0168', '', NULL, '', NULL, '2004-03-08', NULL, NULL, NULL, 'M', NULL, NULL, NULL, '', 1, '2017-07-10 05:24:27', '2017-08-31 01:52:00', '', '', '', '', ''),
(584, 'rec0004', '', 'B.UMAMAHESWAR', '', 'B.UMAMAHESWAR', '1', '11', 'Assistant Professor', 'M.Sc', 'rec0004@raghuengg.in', '9440748299', NULL, '', '', NULL, NULL, 'Permanent', 'APYPB6488C', '', '3161 4270 8684', '', NULL, '', NULL, '2005-08-24', NULL, NULL, NULL, 'M', NULL, NULL, NULL, '', 1, '2017-07-10 05:24:27', '2017-08-16 23:53:20', '', '', '', '', ''),
(585, 'rec0005', '', 'U SARAT', '', 'U SARAT', '1', '11', 'Associate Professor', 'M.Sc,(Ph.D)', 'sarath.hs@raghuenggcollege.in', '9885766942', NULL, '', '', NULL, NULL, 'Permanent', 'ABJPU1660J', '', '5405 3911 3537', '', NULL, '', NULL, '2005-09-26', NULL, NULL, NULL, 'M', NULL, NULL, NULL, 'hod', 1, '2017-07-10 05:24:27', '2017-07-28 03:21:05', '', '', '', '', ''),
(586, 'rec0006', '', 'K.PAVAN KUMAR', '', 'K.PAVAN KUMAR', '1', '3', 'Associate Professor', 'M.TECH(Ph.D)', 'pavan.cse@raghuenggcollege.in', '9966384195', NULL, '', '', NULL, NULL, 'Permanent', 'AVOPK1759R', '', '5599 3633 1546', '', NULL, '', NULL, '2005-12-16', NULL, NULL, NULL, 'M', NULL, NULL, NULL, '', 1, '2017-07-10 05:24:27', '2017-07-28 03:21:05', '', '', '', '', ''),
(587, 'rec0007', '', 'M.KRISHNA KISHORE', '', 'M.KRISHNA KISHO', '1', '3', 'Associate Professor', 'M.TECH(Ph.D)', 'mkkishore.cse@raghuenggcollege.in', '9492621558', NULL, '', '', NULL, NULL, 'Permanent', 'AZLPM1726D', '', '9338 9557 7638', '', NULL, '', NULL, '2006-04-06', NULL, NULL, NULL, 'M', NULL, NULL, NULL, '', 1, '2017-07-10 05:24:27', '2017-07-28 03:21:05', '', '', '', '', ''),
(588, 'rec0008', 'Ms.', 'SK.DARYABI', '', 'SK.DARYABI', '1', '7', 'Associate Professor', 'M.Tech (PE&D)', 'daryabi.eee@raghuenggcollege.in', '9966375939', NULL, '', '', NULL, NULL, 'Permanent', 'DABPS1083R', '', '586758488721', '', NULL, '', NULL, '2006-12-18', NULL, NULL, NULL, 'F', NULL, NULL, NULL, '', 1, '2017-07-10 05:24:27', '2017-09-01 00:12:59', '', '', '', '', ''),
(589, 'rec0009', '', 'K ARUN KUMAR', '', 'K ARUN KUMAR', '1', '9', 'Assistant Professor', 'M.TECH', 'arun.mech@raghuenggcollege.in', '9502808301', NULL, '', '', NULL, NULL, 'Permanent', 'AJWPY1680K', '', '8141 3267 4168', '', NULL, '', NULL, '2007-06-01', NULL, NULL, NULL, 'M', NULL, NULL, NULL, '', 1, '2017-07-10 05:24:27', '2017-08-16 23:53:20', '', '', '', '', ''),
(590, 'rec0010', '', 'N.ANIL CHAKRAVARTHY', '', 'N.ANIL CHAKRAVA', '1', '3', 'Assistant Professor', 'M.Tech', 'nanil.cse@raghuenggcollege.in', '9393994484', NULL, '', '', NULL, NULL, 'Permanent', 'AKGPN3777K', '', '2073 8340 6326', '', NULL, '', NULL, '2008-04-18', NULL, NULL, NULL, 'M', NULL, NULL, NULL, '', 1, '2017-07-10 05:24:27', '2017-08-16 23:53:20', '', '', '', '', ''),
(591, 'rec0011', '', 'M Y V NAGESH', '', 'M Y V NAGESH', '1', '3', 'Assistant Professor', 'M.TECH', 'myvnagesh.cse@raghuenggcollege.in', '9848143569', NULL, '', '', NULL, NULL, 'Permanent', 'BFMPM2401M', '', '8832 8150 5965', '', NULL, '', NULL, '2008-09-11', NULL, NULL, NULL, 'M', NULL, NULL, NULL, '', 1, '2017-07-10 05:24:27', '2017-08-16 23:53:20', '', '', '', '', ''),
(592, 'rec0012', 'Dr.', 'MALLIKARJUNA RAO', 'P', 'Dr. P MALLIKARJ', '1', '11', 'Professor', 'M.Sc, M.Phil, Phd.', 'mallikarjun.hs@raghuenggcollege.in', '9490935341', NULL, '', '', NULL, NULL, 'Permanent', 'ATUPP6838J', '', '2315 1767 7684', '', NULL, '', NULL, '2008-10-16', NULL, NULL, NULL, 'M', NULL, NULL, NULL, '', 1, '2017-07-10 05:24:27', '2017-08-31 01:59:31', '', '', '', '', ''),
(593, 'rec0013', '', 'B.G.MADHURI', '', 'B.G.MADHURI', '1', '7', 'Assistant Professor', 'M.Tech (PE&ID)', 'madhuri.eee@raghuenggcollege.in', '9908725792', NULL, '', '', NULL, NULL, 'Permanent', 'BACPB8442G', '', '346378845522', '', NULL, '', NULL, '2008-12-04', NULL, NULL, NULL, 'F', NULL, NULL, NULL, '', 1, '2017-07-10 05:24:27', '2017-08-16 23:53:20', '', '', '', '', ''),
(594, 'rec0014', 'Dr.', 'V.BHASKAR', 'R', 'Dr R.V.BHASKAR', '1', '11', 'Professor', 'M.Sc, M.Phil, Phd.', 'bhaskar.hs@raghuemggcollege.in', '9490133068', NULL, '', '', NULL, NULL, 'Permanent', 'ABEPR5047F', '', '2392 3118 6933', '', NULL, '', NULL, '2009-08-21', NULL, NULL, NULL, 'M', NULL, NULL, NULL, '', 1, '2017-07-10 05:24:27', '2017-08-31 02:00:11', '', '', '', '', ''),
(595, 'rec0015', '', 'B.MADHU BABU', '', 'B.MADHU BABU', '1', '11', 'Associate Professor', 'MSC', 'madhu.hs@raghuenggcollege.in', '9848843262', NULL, '', '', NULL, NULL, 'Permanent', 'AMZPB8449H', '', '4116 1295 3059', '', NULL, '', NULL, '2009-08-27', NULL, NULL, NULL, 'M', NULL, NULL, NULL, '', 1, '2017-07-10 05:24:27', '2017-07-28 03:21:05', '', '', '', '', ''),
(596, 'rec0016', '', 'M MEENA KUMARI', '', 'M MEENA KUMARI', '1', '5', 'Assistant Professor', 'M.Tech,', 'meena.ece@raghuenggcollege.in', '9989547753', NULL, '', '', NULL, NULL, 'Permanent', 'ARGPM8251Q', '', '9904 4702 3665', '', NULL, '', NULL, '2009-10-19', NULL, NULL, NULL, 'F', NULL, NULL, NULL, '', 1, '2017-07-10 05:24:27', '2017-08-16 23:53:20', '', '', '', '', ''),
(597, 'rec0017', '', 'I S SIVA RAO', '', 'I S SIVA RAO', '1', '3', 'Associate Professor', 'M.TECH(Ph.D)', 'sivarao.cse@raghuenggcollege.in', '9490107574', NULL, '', '', NULL, NULL, 'Permanent', 'AAHPI7639C', '', '2921 0777 5552', '', NULL, '', NULL, '2010-02-15', NULL, NULL, NULL, 'M', NULL, NULL, NULL, '', 0, '2017-07-10 05:24:27', '2017-08-24 02:51:51', '', '', '', '', ''),
(598, 'rec0018', '', 'G.SRIDEVI', '', 'G.SRIDEVI', '1', '3', 'Assistant Professor', 'M.Tech', 'sridevi.cse@raghuenggcollege.in', '9640000022', NULL, '', '', NULL, NULL, 'Permanent', 'AQAPG2191G', '', '4987 0536 9109', '', NULL, '', NULL, '2010-02-16', NULL, NULL, NULL, 'F', NULL, NULL, NULL, '', 1, '2017-07-10 05:24:27', '2017-08-16 23:53:20', '', '', '', '', ''),
(599, 'rec0019', '', 'TVS SRIRAM', '', 'TVS SRIRAM', '1', '3', 'Associate Professor', 'M.TECH(Ph.D)', 'sriram.cse@raghuenggcollege.in', '9440240968', NULL, '', '', NULL, NULL, 'Permanent', 'ALQPT2847R', '', '7154 7584 0108', '', NULL, '', NULL, '2010-06-24', NULL, NULL, NULL, 'M', NULL, NULL, NULL, '', 1, '2017-07-10 05:24:27', '2017-07-28 03:21:05', '', '', '', '', ''),
(600, 'rec0020', '', 'G V SIVA PRASAD', '', 'G V SIVA PRASAD', '1', '11', 'Associate Professor', 'M.Sc,(Ph.D)', 'sivaprasad.hs@raghuenggcollege.in', '9866349200', NULL, '', '', NULL, NULL, 'Permanent', 'ATZPG4860G', '', '2743 5875 6782', '', NULL, '', NULL, '2010-08-01', NULL, NULL, NULL, 'M', NULL, NULL, NULL, '', 1, '2017-07-10 05:24:27', '2017-07-28 03:21:05', '', '', '', '', ''),
(601, 'rec0021', '', 'A.J.SIRISHA', '', 'A.J.SIRISHA', '1', '11', 'Assistant Professor', 'M.B.A', 'sirisha.hs@raghuenggcollege.in', '8142028790', NULL, '', '', NULL, NULL, 'Permanent', 'AJLPA2830N', '', '2555 3745 4093', '', NULL, '', NULL, '2011-01-20', NULL, NULL, NULL, 'F', NULL, NULL, NULL, '', 1, '2017-07-10 05:24:27', '2017-08-16 23:53:20', '', '', '', '', ''),
(602, 'rec0022', '', 'A.DURGA PRAVEEN KUMAR', '', 'A.DURGA PRAVEEN', '1', '3', 'Assistant Professor', 'M.S, M. Tech.', 'praveen.cse@raghuenggcollege.in', '9642667945', NULL, '', '', NULL, NULL, 'Permanent', 'AQGPA0444G', '', '2537 3077 1783', '', NULL, '', NULL, '2011-02-28', NULL, NULL, NULL, 'M', NULL, NULL, NULL, '', 0, '2017-07-10 05:24:27', '2017-08-24 02:51:36', '', '', '', '', ''),
(603, 'rec0023', '', 'R.NAVEEN KUMAR', '', 'R.NAVEEN KUMAR', '1', '11', 'Assistant Professor', 'M.B.A', 'naveen.hs@raghuenggcollege.in', '7382676386', NULL, '', '', NULL, NULL, 'Permanent', 'BGKPR0813B', '', '4677 9812 6873', '', NULL, '', NULL, '2011-04-28', NULL, NULL, NULL, 'M', NULL, NULL, NULL, '', 1, '2017-07-10 05:24:27', '2017-08-16 23:53:20', '', '', '', '', ''),
(604, 'rec0024', '', 'S.KRANTHI KUMAR', '', 'S.KRANTHI KUMAR', '1', '7', 'Associate Professor', 'M.Tech', 'skranthi.eee@raghuenggcollege.in', '7993860812', NULL, '', '', NULL, NULL, 'Permanent', 'BJIPS6531C', '', '374666031495', '', NULL, '', NULL, '2011-06-03', NULL, NULL, NULL, 'M', NULL, NULL, NULL, '', 1, '2017-07-10 05:24:27', '2017-07-28 03:21:05', '', '', '', '', ''),
(605, 'rec0025', '', 'K.BHANU KUMARI', '', 'K.BHANU KUMARI', '1', '11', 'Associate Professor', 'M.A, M.Phil, PGCTE', 'bhanu.hs@raghuenggcollege.in', '9866956792', NULL, '', '', NULL, NULL, 'Permanent', 'BLOPK5024N', '', '7460 7610 8178', '', NULL, '', NULL, '2011-10-01', NULL, NULL, NULL, 'F', NULL, NULL, NULL, '', 1, '2017-07-10 05:24:27', '2017-07-28 03:21:05', '', '', '', '', ''),
(606, 'rec0026', '', 'K.SATHIRAJU', '', 'K.SATHIRAJU', '1', '5', 'Associate Professor', 'MTECH', 'ksraju.ece@raghuenggcollege.in', '7680035838', NULL, '', '', NULL, NULL, 'Permanent', 'BGOPK2305P', '', '9865 9490 4443', '', NULL, '', NULL, '2012-02-26', NULL, NULL, NULL, 'M', NULL, NULL, NULL, '', 1, '2017-07-10 05:24:27', '2017-07-28 03:21:05', '', '', '', '', ''),
(607, 'rec0027', '', 'T P R VITAL', '', 'T P R VITAL', '1', '3', 'Assistant Professor', 'M.TECH(Ph.D)', 'vittal.cse@raghuenggcollege.in', '9491936489', NULL, '', '', NULL, NULL, 'Permanent', 'ADZPT1828K', '', '4216 9901 2391', '', NULL, '', NULL, '2012-03-19', NULL, NULL, NULL, 'M', NULL, NULL, NULL, '', 0, '2017-07-10 05:24:27', '2017-09-18 01:11:13', '', '', '', '', ''),
(608, 'rec0028', 'Dr.', 'PHANINDER VINAY ', 'K', 'K.PHANINDER VIN', '1', '5', 'Associate Professor', 'MTECH, (Ph.D)', 'vinay.ece@raghuenggcollege.in', '9959163196', NULL, '', '', NULL, NULL, 'Permanent', 'AXPPK8913N', '', '4605 3652 9457', '', NULL, '', NULL, '2012-06-07', NULL, NULL, NULL, 'M', NULL, NULL, NULL, 'hod', 1, '2017-07-10 05:24:27', '2017-08-31 01:50:58', '', '', '', '', ''),
(609, 'rec0029', '', 'M.V.SURESH KUMAR', '', 'M.V.SURESH KUMA', '1', '7', 'Assistant Professor', 'M.Tech (PSCA)', 'suresh.eee@raghuenggcollege.in', '9502944429', NULL, '', '', NULL, NULL, 'Permanent', 'BFVPM5617N', '', '944646911530', '', NULL, '', NULL, '2012-06-25', NULL, NULL, NULL, 'M', NULL, NULL, NULL, '', 1, '2017-07-10 05:24:27', '2017-08-16 23:53:20', '', '', '', '', ''),
(610, 'rec0030', '', 'S.APPALA RAJU', '', 'S.APPALA RAJU', '1', '3', 'Assistant Professor', 'M.TECH', 'raju.cse@raghuenggcollege.in', '9494012421', NULL, '', '', NULL, NULL, 'Permanent', 'BYRPS3214G', '', '9572 3810 0396', '', NULL, '', NULL, '2012-07-19', NULL, NULL, NULL, 'M', NULL, NULL, NULL, '', 1, '2017-07-10 05:24:27', '2017-08-16 23:53:20', '', '', '', '', ''),
(611, 'rec0031', '', 'M.ANIL KUMAR', '', 'M.ANIL KUMAR', '1', '3', 'Assistant Professor', 'M.Tech', 'anil.cse@raghuenggcollege.in', '8328873507', NULL, '', '', NULL, NULL, 'Permanent', 'ATHPM0775A', '', '2502 7320 6661', '', NULL, '', NULL, '2012-08-14', NULL, NULL, NULL, 'M', NULL, NULL, NULL, '', 1, '2017-07-10 05:24:27', '2017-08-16 23:53:20', '', '', '', '', ''),
(612, 'rec0032', '', 'I. KRISHNA CHAITANYA', '', 'I. KRISHNA CHAI', '1', '1', 'Assistant Professor', 'M.Tech (SE&NDM),', 'ikchaitanya.civil@raghuenggcollege.in', '9701750007', NULL, '', '', NULL, NULL, 'Permanent', 'AAWPI3594D', '', '3616 5249 8465', '', NULL, '', NULL, '2012-08-28', NULL, NULL, NULL, 'M', NULL, NULL, NULL, '', 1, '2017-07-10 05:24:27', '2017-08-16 23:53:20', '', '', '', '', ''),
(613, 'rec0033', '', 'S.PRASADA RAO', '', 'S.PRASADA RAO', '1', '11', 'Assistant Professor', 'M.Sc', 'prasad.hs@raghuenggcollege.in', '9866115724', NULL, '', '', NULL, NULL, 'Permanent', 'FCVPS2407D', '', '2203 7679 4859', '', NULL, '', NULL, '2012-10-01', NULL, NULL, NULL, 'M', NULL, NULL, NULL, '', 1, '2017-07-10 05:24:27', '2017-08-16 23:53:20', '', '', '', '', ''),
(614, 'rec0034', '', 'K. TRINADHA RAO', '', 'K. TRINADHA RAO', '1', '11', 'Assistant Professor', 'M.Sc', 'trinadh.hs@raghuenggcollege.in', '9985201816', NULL, '', '', NULL, NULL, 'Permanent', 'CUHPK9691N', '', '2615 8944 3983', '', NULL, '', NULL, '2012-10-01', NULL, NULL, NULL, 'M', NULL, NULL, NULL, '', 1, '2017-07-10 05:24:27', '2017-08-16 23:53:20', '', '', '', '', ''),
(615, 'rec0035', '', 'J.RENUKESWARA RAO', '', 'J.RENUKESWARA R', '1', '11', 'Assistant Professor', 'M.SC', 'renu.hs@raghuenggcollege.in', '9440255869', NULL, '', '', NULL, NULL, 'Permanent', 'AGPPJ9818A', '', '7131 9314 6856', '', NULL, '', NULL, '2012-10-01', NULL, NULL, NULL, 'M', NULL, NULL, NULL, '', 1, '2017-07-10 05:24:27', '2017-08-16 23:53:20', '', '', '', '', ''),
(616, 'rec0036', '', 'D V S RAVI VARMA', '', 'D V S RAVI VARM', '1', '3', 'Assistant Professor', 'M.Tech', 'ravivarma.cse@raghuenggcollege.in', '9492756039', NULL, '', '', NULL, NULL, 'Permanent', 'AMZPD0797Q', '', '4345 1256 9641', '', NULL, '', NULL, '2012-10-01', NULL, NULL, NULL, 'M', NULL, NULL, NULL, '', 1, '2017-07-10 05:24:27', '2017-08-16 23:53:20', '', '', '', '', ''),
(617, 'rec0037', 'Dr.', 'S PRAKASH RAO', 'A', 'Dr A.S.PRAKASH ', '1', '11', 'Professor', 'M.A, M.Ed, PhD', 'asprakash.hs@raghuenggcollege.in', '9441179883', NULL, '', '', NULL, NULL, 'Permanent', 'AEBPA1239A', '', '7573 2221 3489', '', NULL, '', NULL, '2012-10-06', NULL, NULL, NULL, 'M', NULL, NULL, NULL, '', 1, '2017-07-10 05:24:27', '2017-08-31 02:00:52', '', '', '', '', ''),
(618, 'rec0038', '', 'T.ANURADHA', '', 'T.ANURADHA', '1', '3', 'Assistant Professor', 'M.Tech', 'anuradha.cse@raghuenggcollege.in', '9490476859', NULL, '', '', NULL, NULL, 'Permanent', 'AKCPT0078P', '', '6905 8544 4275', '', NULL, '', NULL, '2012-10-08', NULL, NULL, NULL, 'F', NULL, NULL, NULL, '', 1, '2017-07-10 05:24:27', '2017-08-16 23:53:20', '', '', '', '', ''),
(619, 'rec0039', '', 'V.TATA RAO', '', 'V.TATA RAO', '1', '3', 'Assistant Professor', 'M.Tech', 'tatarao.cse@raghuenggcollege.in', '9949448554', NULL, '', '', NULL, NULL, 'Permanent', 'AFTPV9427Q', '', '7541 1509 7377', '', NULL, '', NULL, '2012-11-27', NULL, NULL, NULL, 'M', NULL, NULL, NULL, '', 1, '2017-07-10 05:24:27', '2017-08-16 23:53:20', '', '', '', '', ''),
(620, 'rec0040', '', 'S.RAMANA BABU', '', 'S.RAMANA BABU', '1', '9', 'Associate Professor', 'M.Tech', 'ramanababu.mech@raghuenggcollege.in', '9704597504', NULL, '', '', NULL, NULL, 'Permanent', 'BWVPS4056E', '', '2738 9579 1233', '', NULL, '', NULL, '2013-01-18', NULL, NULL, NULL, 'M', NULL, NULL, NULL, '', 1, '2017-07-10 05:24:27', '2017-07-28 03:21:05', '', '', '', '', ''),
(621, 'rec0041', '', 'LAL BABUPRASAD', '', 'LAL BABUPRASAD', '1', '5', 'Assistant Professor', 'M.Tech', 'lalbabu.ece@raghuenggcollege.in', '9052056603', NULL, '', '', NULL, NULL, 'Permanent', 'AERPL8555J', '', '6600 7219 6422', '', NULL, '', NULL, '2013-06-10', NULL, NULL, NULL, 'M', NULL, NULL, NULL, '', 1, '2017-07-10 05:24:27', '2017-08-16 23:53:20', '', '', '', '', ''),
(622, 'rec0042', '', 'K.MADHAVI', '', 'K.MADHAVI', '1', '5', 'Assistant Professor', 'M.Tech', 'madhavi.ece@raghuenggcollege.in', '9908640028', NULL, '', '', NULL, NULL, 'Permanent', 'DZTPK8070B', '', '3115 4505 5637', '', NULL, '', NULL, '2013-06-10', NULL, NULL, NULL, 'F', NULL, NULL, NULL, '', 1, '2017-07-10 05:24:27', '2017-08-16 23:53:20', '', '', '', '', ''),
(623, 'rec0043', '', 'V S SUBRAHMANYAM', '', 'V S SUBRAHMANYA', '1', '9', 'Assistant Professor', 'B.E, M.Tech', 'vssubrahmanyam.mech@raghuenggcollege.in', '7036419679', NULL, '', '', NULL, NULL, 'Permanent', 'ARZPV4350Q', '', '7975 0864 3468', '', NULL, '', NULL, '2013-07-17', NULL, NULL, NULL, 'M', NULL, NULL, NULL, '', 1, '2017-07-10 05:24:27', '2017-08-16 23:53:20', '', '', '', '', ''),
(624, 'rec0044', '', 'V.SOMASEKHARAM', '', 'V.SOMASEKHARAM', '1', '11', 'Associate Professor', 'M.B.A', 'somasekhar.hs@raghuenggcollege.in', '8297355115', NULL, '', '', NULL, NULL, 'Permanent', 'ACAPV9341B', '', '8359 6966 8466', '', NULL, '', NULL, '2014-01-02', NULL, NULL, NULL, 'M', NULL, NULL, NULL, '', 1, '2017-07-10 05:24:27', '2017-07-28 03:21:05', '', '', '', '', ''),
(625, 'rec0045', '', 'N.MARKANDEYA GUPTA', '', 'N.MARKANDEYA GU', '1', '5', 'Associate Professor', 'M.Tech (DSCE)', 'gupta.ece@raghuenggcollege.in', '9441129994', NULL, '', '', NULL, NULL, 'Permanent', 'AHYPN4688E', '', '7709 4316 8584', '', NULL, '', NULL, '2014-01-06', NULL, NULL, NULL, 'M', NULL, NULL, NULL, '', 1, '2017-07-10 05:24:27', '2017-07-28 03:21:05', '', '', '', '', ''),
(626, 'rec0046', '', 'P.SRINIVAS', '', 'P.SRINIVAS', '1', '7', 'Assistant Professor', 'M.Tech (APS)', 'srinu.eee@raghuenggcollege.in', '9032584863', NULL, '', '', NULL, NULL, 'Permanent', 'BGEPP5712R', '', '613423111538', '', NULL, '', NULL, '2014-01-23', NULL, NULL, NULL, 'M', NULL, NULL, NULL, '', 1, '2017-07-10 05:24:27', '2017-08-16 23:53:20', '', '', '', '', ''),
(627, 'rec0047', '', 'S.SRINADH RAJU', '', 'S.SRINADH RAJU', '1', '3', 'Associate Professor', 'M.Tech', 'srinadh.cse@raghuenggcollege.in', '9849277324', NULL, '', '', NULL, NULL, 'Permanent', 'DESPS7562L', '', '9037 9636 1869', '', NULL, '', NULL, '2014-01-29', NULL, NULL, NULL, 'M', NULL, NULL, NULL, '', 1, '2017-07-10 05:24:27', '2017-07-28 03:21:05', '', '', '', '', ''),
(628, 'rec0048', '', 'B.RAMESH', '', 'B.RAMESH', '1', '5', 'Assistant Professor', 'M.TECH', 'ramesh.ece@raghuenggcollege.in', '9550610310', NULL, '', '', NULL, NULL, 'Permanent', 'BXYPB4462K', '', '8955 5198 2890', '', NULL, '', NULL, '2014-02-01', NULL, NULL, NULL, 'M', NULL, NULL, NULL, '', 1, '2017-07-10 05:24:27', '2017-08-16 23:53:20', '', '', '', '', ''),
(629, 'rec0049', '', 'P.RAJESH', '', 'P.RAJESH', '1', '5', 'Assistant Professor', 'M.TECH', 'rajesh.ece@raghuenggcollege.in', '9885500463', NULL, '', '', NULL, NULL, 'Permanent', 'BAJPP1451J', '', '2080 4346 2878', '', NULL, '', NULL, '2014-04-09', NULL, NULL, NULL, 'M', NULL, NULL, NULL, '', 1, '2017-07-10 05:24:27', '2017-08-16 23:53:20', '', '', '', '', ''),
(630, 'rec0050', 'Dr.', 'KAMESWARA RAO', 'R', 'R KAMESWARA RAO', '1', '7', 'Professor', 'B.Tech, M.B.A, M.Tech, PhD', 'principal@raghuenggcollege.com', '9949095892', NULL, '', '', NULL, NULL, 'Permanent', 'AGPRP4539E', '', '9593 9401 8762', '', NULL, '', NULL, '2014-04-11', NULL, NULL, NULL, 'M', NULL, NULL, NULL, '', 1, '2017-07-10 05:24:27', '2017-08-31 01:57:31', '', '', '', '', ''),
(631, 'rec0051', '', 'S A ANICIA', '', 'S A ANICIA', '1', '9', 'Assistant Professor', 'M.Tech', 'anicia.mech@raghuenggcollege.in', '7032058703', NULL, '', '', NULL, NULL, 'Permanent', 'BDRPA5007Q', '', '7186 3604 1222', '', NULL, '', NULL, '2014-06-04', NULL, NULL, NULL, 'F', NULL, NULL, NULL, '', 1, '2017-07-10 05:24:27', '2017-08-16 23:53:20', '', '', '', '', ''),
(632, 'rec0052', '', 'V PARTHA SARADHI', '', 'V PARTHA SARADH', '1', '7', 'Associate Professor', 'B.E(EEE), M.Tech(P&ES), M.Tech(GNC)', 'saradhi.eee@raghuenggcollege.in', '9493789403', NULL, '', '', NULL, NULL, 'Permanent', 'AFRPV4314C', '', '4668 2924 2110', '', NULL, '', NULL, '2014-06-05', NULL, NULL, NULL, 'M', NULL, NULL, NULL, '', 1, '2017-07-10 05:24:27', '2017-07-28 03:21:05', '', '', '', '', ''),
(633, 'rec0053', '', 'Y.RAGHAVENDRA', '', 'Y.RAGHAVENDRA', '1', '9', 'Assistant Professor', 'M.TECH', 'raghavendra.mech@raghuenggcollege.in', '9290926811', NULL, '', '', NULL, NULL, 'Permanent', 'AJWPY1680K', '', '8141 3267 4168', '', NULL, '', NULL, '2014-06-05', NULL, NULL, NULL, 'M', NULL, NULL, NULL, '', 1, '2017-07-10 05:24:27', '2017-08-16 23:53:20', '', '', '', '', ''),
(634, 'rec0054', '', 'P.ANIL KUMAR', '', 'P.ANIL KUMAR', '1', '5', 'Assistant Professor', 'M.TECH', 'anil.ece@raghuenggcollege.in', '9885135483', NULL, '', '', NULL, NULL, 'Permanent', 'BGHPP3708C', '', '8339 5342 5196', '', NULL, '', NULL, '2014-06-16', NULL, NULL, NULL, 'M', NULL, NULL, NULL, '', 1, '2017-07-10 05:24:27', '2017-08-16 23:53:20', '', '', '', '', ''),
(635, 'rec0055', 'Mr.', 'V N SURYANARAYANA RAO', 'V', 'VVN SURYANARAYA', '1', '11', 'Librarian', 'M.Com, MLIS', 'vvn.hs@raghuenggcollege.in', '9491792896', NULL, '', '', NULL, NULL, 'Permanent', 'CHOPS2155R', '', '9612 0572 5654', '', NULL, '', NULL, '2014-06-23', NULL, NULL, NULL, 'M', NULL, NULL, NULL, '', 1, '2017-07-10 05:24:27', '2017-09-13 23:18:18', '', '', '', '', ''),
(636, 'rec0056', '', 'Y.V.SRI CHARAN', '', 'Y.V.SRI CHARAN', '1', '5', 'Assistant Professor', 'M.TECH', 'charan.ece@raghuenggcollege.in', '9581665766', NULL, '', '', NULL, NULL, 'Permanent', 'AFAPY1757P', '', '3082 7034 4760', '', NULL, '', NULL, '2014-06-23', NULL, NULL, NULL, 'M', NULL, NULL, NULL, '', 1, '2017-07-10 05:24:27', '2017-08-16 23:53:20', '', '', '', '', ''),
(637, 'rec0057', '', 'YLV SANTOSH KUMAR', '', 'YLV SANTOSH KUM', '1', '5', 'Assistant Professor', 'M.TECH', 'santosh.ece@raghuenggcollege.in', '9490389019', NULL, '', '', NULL, NULL, 'Permanent', 'AKDPY7750Q', '', '5518 6932 9312', '', NULL, '', NULL, '2014-06-30', NULL, NULL, NULL, 'M', NULL, NULL, NULL, '', 1, '2017-07-10 05:24:27', '2017-08-16 23:53:20', '', '', '', '', ''),
(638, 'rec0058', '', 'P SEKHARA BABU', '', 'P SEKHARA BABU', '1', '5', 'Assistant Professor', 'M.TECH', 'sekharbabu.ece@raghuenggcollege.in', '9701499568', NULL, '', '', NULL, NULL, 'Permanent', 'BTXPP7366K', '', '2025 6262 0757', '', NULL, '', NULL, '2014-08-04', NULL, NULL, NULL, 'M', NULL, NULL, NULL, '', 1, '2017-07-10 05:24:27', '2017-08-16 23:53:20', '', '', '', '', ''),
(639, 'rec0059', '', 'N.ADILAKSHMI', '', 'N.ADILAKSHMI', '1', '11', 'Assistant Professor', 'M.Sc', 'adilakshmi.hs@raghuenggcollege.in', '9492180348', NULL, '', '', NULL, NULL, 'Permanent', 'ARHPN5984A', '', '4040 6049 1627', '', NULL, '', NULL, '2014-08-18', NULL, NULL, NULL, 'F', NULL, NULL, NULL, '', 1, '2017-07-10 05:24:27', '2017-08-16 23:53:20', '', '', '', '', ''),
(640, 'rec0060', '', 'BH.V.S.NARAYANA', '', 'BH.V.S.NARAYANA', '1', '3', 'Assistant Professor', 'M.Tech', 'narayana.cse@raghuenggcollege.in', '8099837057', NULL, '', '', NULL, NULL, 'Permanent', 'BBVPB0660G', '', '4717 6578 4339', '', NULL, '', NULL, '2014-08-27', NULL, NULL, NULL, 'M', NULL, NULL, NULL, '', 1, '2017-07-10 05:24:27', '2017-08-16 23:53:20', '', '', '', '', ''),
(641, 'rec0061', '', 'P.SURENDRA VARMA', '', 'P.SURENDRA VARM', '1', '3', 'Assistant Professor', 'M.Tech', 'surendra.cse@raghuenggcollege.in', '9908152545', NULL, '', '', NULL, NULL, 'Permanent', 'BPXPP1655R', '', '9518 6254 6939', '', NULL, '', NULL, '2014-09-01', NULL, NULL, NULL, 'M', NULL, NULL, NULL, '', 1, '2017-07-10 05:24:27', '2017-08-16 23:53:20', '', '', '', '', ''),
(642, 'rec0062', '', 'N V S S PRABHAKAR', '', 'N V S S PRABHAK', '1', '11', 'Associate Professor', 'M.Sc, M.Phil, M.Tech,', 'nvssprabhakar@raghuenggcollege.in', '9989013998', NULL, '', '', NULL, NULL, 'Permanent', 'AHHPN9603J', '', '8152 9169 6942', '', NULL, '', NULL, '2014-09-08', NULL, NULL, NULL, 'M', NULL, NULL, NULL, '', 1, '2017-07-10 05:24:27', '2017-07-28 03:21:05', '', '', '', '', ''),
(643, 'rec0063', '', 'A.SUKANYA', '', 'A.SUKANYA', '1', '11', 'Assistant Professor', 'M.Sc, B.Ed', 'sukanya.hs@raghuenggcollege.in', '8897106860', NULL, '', '', NULL, NULL, 'Permanent', 'FQCPS6917R', '', '5633 4321 9965', '', NULL, '', NULL, '2014-09-08', NULL, NULL, NULL, 'F', NULL, NULL, NULL, '', 1, '2017-07-10 05:24:27', '2017-08-16 23:53:20', '', '', '', '', ''),
(644, 'rec0064', '', 'B SIVA RAMA RAO', '', 'B SIVA RAMA RAO', '1', '7', 'Associate Professor', 'B.E, M.E(EE)', 'sivaram.eee@raghuenggcollege.in', '8179889924', NULL, '', '', NULL, NULL, 'Permanent', 'CDLPS8378D', '', '6154 9110 6723', '', NULL, '', NULL, '2014-10-14', NULL, NULL, NULL, 'M', NULL, NULL, NULL, '', 1, '2017-07-10 05:24:27', '2017-07-28 03:21:05', '', '', '', '', ''),
(645, 'rec0065', '', 'PKVS SUBRAMANYESWARA RAO', '', 'PKVS SUBRAMANYE', '1', '9', 'Assistant Professor', 'M.Tech', 'pkvs.mech@raghuenggcollege.in', '9440066974', NULL, '', '', NULL, NULL, 'Permanent', 'BSIPP1776P', '', '8704 2777 1171', '', NULL, '', NULL, '2014-12-26', NULL, NULL, NULL, 'M', NULL, NULL, NULL, '', 1, '2017-07-10 05:24:27', '2017-08-16 23:53:20', '', '', '', '', ''),
(646, 'rec0066', '', 'P.E.SATYANARAYANA', '', 'P.E.SATYANARAYA', '1', '11', 'Assistant Professor', 'M.Sc', 'eswar.hs@raghuenggcollege.in', '9492850751', NULL, '', '', NULL, NULL, 'Permanent', 'BSKPP1569C', '', '7622 2881 3988', '', NULL, '', NULL, '2015-01-01', NULL, NULL, NULL, 'M', NULL, NULL, NULL, '', 1, '2017-07-10 05:24:27', '2017-08-16 23:53:20', '', '', '', '', ''),
(647, 'rec0067', '', 'R. SRINIVASA RAO', '', 'R. SRINIVASA RA', '1', '1', 'Associate Professor', 'M.Tech (Structures)', 'srinivas.civil@raghuenggcollege.in', '9963166376', NULL, '', '', NULL, NULL, 'Permanent', 'AECPR0821E', '', '7009 4569 8203', '', NULL, '', NULL, '2015-01-08', NULL, NULL, NULL, 'M', NULL, NULL, NULL, 'hod', 1, '2017-07-10 05:24:27', '2017-07-28 03:21:05', '', '', '', '', ''),
(648, 'rec0068', '', 'L.SATISH KUMAR', '', 'L.SATISH KUMAR', '1', '11', 'Assistant Professor', 'M.Sc', 'rec0068@raghuenggcollege.in', '9440167423', NULL, '', '', NULL, NULL, 'Permanent', 'AFEPL2088L', '', '9355 1013 1653', '', NULL, '', NULL, '2015-02-05', NULL, NULL, NULL, 'M', NULL, NULL, NULL, '', 0, '2017-07-10 05:24:27', '2017-08-24 02:57:53', '', '', '', '', ''),
(649, 'rec0069', '', 'M.VENKATA RAO', '', 'M.VENKATA RAO', '1', '11', 'Assistant Professor', 'M.Sc', 'rec0069@raghuenggcollege.in', '9494915009', NULL, '', '', NULL, NULL, 'Permanent', 'AYEPM5758R', '', '6301 5988 1981', '', NULL, '', NULL, '2015-02-05', NULL, NULL, NULL, 'M', NULL, NULL, NULL, '', 1, '2017-07-10 05:24:27', '2017-08-16 23:53:20', '', '', '', '', ''),
(650, 'rec0070', '', 'K.SWATHI', '', 'K.SWATHI', '1', '11', 'Assistant Professor', 'M.A', 'swathi.hs@raghuenggcollege.in', '8985950503', NULL, '', '', NULL, NULL, 'Permanent', 'AXVPK2497B', '', '8876 3593 3457', '', NULL, '', NULL, '2015-02-16', NULL, NULL, NULL, 'F', NULL, NULL, NULL, '', 1, '2017-07-10 05:24:27', '2017-08-16 23:53:20', '', '', '', '', ''),
(651, 'rec0071', '', 'B.L.GANESWARA RAO', '', 'B.L.GANESWARA R', '1', '11', 'Assistant Professor', 'M.Sc', 'ganesh.hs@raghuenggcollege.in', '9866100246', NULL, '', '', NULL, NULL, 'Permanent', 'APLPB6993H', '', '9693 9921 0510', '', NULL, '', NULL, '2015-02-23', NULL, NULL, NULL, 'M', NULL, NULL, NULL, '', 1, '2017-07-10 05:24:27', '2017-08-16 23:53:20', '', '', '', '', ''),
(652, 'rec0072', '', 'SHAHAZADI BEGUM', '', 'SHAHAZADI BEGUM', '1', '1', 'Assistant Professor', 'B.Tech (Civil), M.Tech (Structures)', 'shahazadibegum.civil@raghuenggcollege.in', '9032972944', NULL, '', '', NULL, NULL, 'Permanent', 'FBPPS1224D', '', '3226 1917 1962', '', NULL, '', NULL, '2015-02-23', NULL, NULL, NULL, 'F', NULL, NULL, NULL, '', 1, '2017-07-10 05:24:27', '2017-08-16 23:53:20', '', '', '', '', ''),
(653, 'rec0073', '', 'M.RUPALI', '', 'M.RUPALI', '1', '3', 'Assistant Professor', 'M.Tech', 'rupali.cse@raghuenggcollege.in', '9494330642', NULL, '', '', NULL, NULL, 'Permanent', 'BDIPM3441D', '', '5315 8633 4777', '', NULL, '', NULL, '2015-04-01', NULL, NULL, NULL, 'F', NULL, NULL, NULL, '', 1, '2017-07-10 05:24:27', '2017-08-16 23:53:20', '', '', '', '', ''),
(654, 'rec0074', 'Dr.', 'SUBRAMANYAM', 'K', 'Dr K.SUBRAMANYA', '1', '11', 'Professor', 'M.Sc, Ph.D', 'subramanyam.hs@raghuenggcollege.in', '8008163810', NULL, '', '', NULL, NULL, 'Permanent', 'BHOPK9839F', '', '5371 2166 8973', '', NULL, '', NULL, '2015-05-01', NULL, NULL, NULL, 'M', NULL, NULL, NULL, '', 1, '2017-07-10 05:24:27', '2017-08-31 02:01:42', '', '', '', '', ''),
(655, 'rec0075', '', 'P NARESH', '', 'P NARESH', '1', '7', 'Assistant Professor', 'B. Tech, M.E(EI)', 'naresh.eee@raghuenggcollege.in', '7702365407', NULL, '', '', NULL, NULL, 'Permanent', 'BNGPP4253E', '', '3767 5502 7389', '', NULL, '', NULL, '2015-06-11', NULL, NULL, NULL, 'M', NULL, NULL, NULL, '', 1, '2017-07-10 05:24:27', '2017-08-16 23:53:20', '', '', '', '', ''),
(656, 'rec0076', '', 'N.SAHADEVA RAJU', '', 'N.SAHADEVA RAJU', '1', '5', 'Associate Professor', 'M.TECH', 'sahadev.ece@raghuenggcollege.in', '7093661835', NULL, '', '', NULL, NULL, 'Permanent', 'BGLPS9439K', '', '5576 0738 9836', '', NULL, '', NULL, '2015-06-17', NULL, NULL, NULL, 'M', NULL, NULL, NULL, '', 0, '2017-07-10 05:24:27', '2017-08-24 02:48:45', '', '', '', '', ''),
(657, 'rec0077', '', 'NIKHIL BHAT', '', 'NIKHIL BHAT', '1', '9', 'Assistant Professor', 'M.Tech', 'nikhil.mech@raghuenggcollege.in', '9441604400', NULL, '', '', NULL, NULL, 'Permanent', 'ACNPI5401L', '', '4897 2705 0800', '', NULL, '', '2017-09-08', '2015-06-22', NULL, NULL, NULL, 'M', NULL, NULL, NULL, '', 1, '2017-07-10 05:24:27', '2017-09-07 22:35:01', '', '', '', '', ''),
(658, 'rec0078', '', 'N.SREELEKHA', '', 'N.SREELEKHA', '1', '11', 'Associate Professor', 'M.Sc, M. Phil', 'sreelekha.hs@raghuenggcollege.in', '7093498833', NULL, '', '', NULL, NULL, 'Permanent', 'AIPPN6808G', '', '3601 7058 9847', '', NULL, '', NULL, '2015-06-25', NULL, NULL, NULL, 'M', NULL, NULL, NULL, '', 1, '2017-07-10 05:24:27', '2017-07-28 03:21:05', '', '', '', '', ''),
(659, 'rec0079', '', 'CH LAVANYA', '', 'CH LAVANYA', '1', '9', 'Assistant Professor', 'M.Tech', 'lavanya.mech@raghuenggcollege.in', '7386733648', NULL, '', '', NULL, NULL, 'Permanent', 'AZEPC4431E', '', '7474 6240 4464', '', NULL, '', NULL, '2015-06-30', NULL, NULL, NULL, 'F', NULL, NULL, NULL, '', 1, '2017-07-10 05:24:27', '2017-08-16 23:53:20', '', '', '', '', ''),
(660, 'rec0080', 'Dr.', 'JOSE MOSES', 'G', 'Dr G.JOSE MOSES', '1', '3', 'Professor', 'M.Tech, PhD', 'josemoses.cse@raghuenggcollege.in', '9701329977', NULL, '', '', NULL, NULL, 'Permanent', 'AIRPJ4007D', '', '7564 4409 9542', '', NULL, '', NULL, '2015-07-01', NULL, NULL, NULL, 'M', NULL, NULL, NULL, 'hod', 1, '2017-07-10 05:24:27', '2017-08-31 01:52:30', '', '', '', '', ''),
(661, 'rec0081', 'Dr.', 'VENKATA SWAMY', 'T', 'Dr.T.VENKATA SW', '1', '11', 'Associate Professor', 'M.Sc, Ph.D', 'swamy.hs@raghuenggcollege.in', '7731893018', NULL, '', '', NULL, NULL, 'Permanent', 'AXZPT0605Q', '', '8193 6263 1730', '', NULL, '', NULL, '2015-07-08', NULL, NULL, NULL, 'M', NULL, NULL, NULL, '', 1, '2017-07-10 05:24:27', '2017-08-31 02:02:12', '', '', '', '', ''),
(662, 'rec0082', '', 'Y.VENKATA RAO', '', 'Y.VENKATA RAO', '1', '11', 'Associate Professor', 'M.SC', 'venkatarao.hs@raghuenggcollege.in', '9394041299', NULL, '', '', NULL, NULL, 'Permanent', 'ADTPY2413M', '', '3326 7266 0082', '', NULL, '', NULL, '2015-07-16', NULL, NULL, NULL, 'M', NULL, NULL, NULL, '', 1, '2017-07-10 05:24:27', '2017-07-28 03:21:05', '', '', '', '', ''),
(663, 'rec0083', '', 'S.SANTOSH KUMAR', '', 'S.SANTOSH KUMAR', '1', '11', 'Assistant Professor', 'M.Sc', 'santosh.hs@raghuenggcollege.in', '9440390008', NULL, '', '', NULL, NULL, 'Permanent', 'DHJPS0197B', '', '5919 4697 3889', '', NULL, '', NULL, '2015-08-01', NULL, NULL, NULL, 'M', NULL, NULL, NULL, '', 1, '2017-07-10 05:24:27', '2017-08-16 23:53:20', '', '', '', '', ''),
(664, 'rec0084', '', 'CH.RAJESH', '', 'CH.RAJESH', '1', '11', 'Assistant Professor', 'M.Sc', 'rajesh.hs@raghuenggcollege.in', '9618006879', NULL, '', '', NULL, NULL, 'Permanent', 'AMVPC7997B', '', '6700 8026 6018', '', NULL, '', NULL, '2015-08-01', NULL, NULL, NULL, 'M', NULL, NULL, NULL, '', 1, '2017-07-10 05:24:27', '2017-08-16 23:53:20', '', '', '', '', ''),
(665, 'rec0085', '', 'M. SATYANARAYANA', '', 'M. SATYANARAYAN', '1', '11', 'Assistant Professor', 'M.Sc', 'rec0085@raghuenggcoloege.in', '9948458738', NULL, '', '', NULL, NULL, 'Permanent', 'AYRPM3480H', '', '7435 8857 3052', '', NULL, '', NULL, '2015-08-01', NULL, NULL, NULL, 'M', NULL, NULL, NULL, '', 1, '2017-07-10 05:24:27', '2017-08-16 23:53:20', '', '', '', '', ''),
(666, 'rec0086', '', 'P.CHNADRA SEKHAR PILLI', '', 'P.CHNADRA SEKHA', '1', '11', 'Assistant Professor', 'M.Sc', 'sekhar.hs@raghuenggcollege.in', '9177987611', NULL, '', '', NULL, NULL, 'Permanent', 'BJRPP5272L', '', '6056 2738 4536', '', NULL, '', NULL, '2015-08-14', NULL, NULL, NULL, 'M', NULL, NULL, NULL, '', 1, '2017-07-10 05:24:27', '2017-08-16 23:53:20', '', '', '', '', ''),
(667, 'rec0087', '', 'Y. SATYANARAYANA RAJU', '', 'Y. SATYANARAYAN', '1', '11', 'Assistant Professor', 'M.Sc (ELECTRONICS), M.Tech (I.T)', 'ysnraju.hs@raghuenggcollege.in', '8897342286', NULL, '', '', NULL, NULL, 'Permanent', 'AMOPY3827B', '', '3696 0074 2618', '', NULL, '', NULL, '2015-10-19', NULL, NULL, NULL, 'M', NULL, NULL, NULL, '', 1, '2017-07-10 05:24:27', '2017-08-16 23:53:20', '', '', '', '', ''),
(668, 'rec0088', 'Dr.', 'RAMU', 'T', 'Dr T.RAMU', '1', '11', 'Associate Professor', 'M.SC, PH.D', 'ramu.hs@raghuenggcollege.in', '9700507823', NULL, '', '', NULL, NULL, 'Permanent', 'AKZPT8429M', '', '6831 4878 6739', '', NULL, '', NULL, '2015-12-01', NULL, NULL, NULL, 'M', NULL, NULL, NULL, '', 1, '2017-07-10 05:24:27', '2017-08-31 02:02:42', '', '', '', '', ''),
(669, 'rec0089', '', 'P.VENUGOPAL', '', 'P.VENUGOPAL', '1', '9', 'Assistant Professor', 'B.E, M.E', 'venugopal.mech@raghuenggcollege.in', '9963173161', NULL, '', '', NULL, NULL, 'Permanent', 'CBXPP7917B', '', '4420 4983 3368', '', NULL, '', NULL, '2015-12-04', NULL, NULL, NULL, 'M', NULL, NULL, NULL, '', 1, '2017-07-10 05:24:27', '2017-08-16 23:53:20', '', '', '', '', ''),
(670, 'rec0090', '', 'Dr R SRINIVASU', '', 'Dr R SRINIVASU', '1', '9', 'Professor', 'B.E,M.E, Ph.D', 'srinivas.mech@raghuenggcollege.in', '7675868401', NULL, '', '', NULL, NULL, 'Permanent', 'BERPR5111R', '', '6200 6291 8401', '', NULL, '', NULL, '2015-12-05', NULL, NULL, NULL, 'M', NULL, NULL, NULL, '', 1, '2017-07-10 05:24:27', '2017-07-28 03:21:05', '', '', '', '', ''),
(671, 'rec0091', '', 'A.NAGESWARA RAO', '', 'A.NAGESWARA RAO', '1', '11', 'Assistant Professor', 'M.COM', 'nageswararao.hs@raghuenggcollege.com', '9912559882', 'rec0091_dp.jpg', 'a hanumantharao', 'a hymavathi', NULL, NULL, 'Permanent', 'AMMPA6578R', '', '4600 3123  5959', '', NULL, '', NULL, '2015-12-28', 'ganapavaram, guntur dist', 'andhra pradesh', 'india', 'M', 'indian', 'hindu', 'kamma', '', 1, '2017-07-10 05:24:27', '2017-08-28 09:43:54', 'anrao0005@gmail.com', '9912559882', 'a aruna kumari', '47', 'house wife'),
(672, 'rec0092', 'Mr.', 'S PRAKASH RAO', 'S', 'S S PRAKASH RAO', '1', '7', 'Assistant Professor', 'M. Tech.', 'prakeshrao.eee@raghuenggcollege.com', '9490267816', NULL, '', '', NULL, NULL, 'Permanent', 'CPYPS9760L', '', '7255 6141 9270', '', NULL, '', NULL, '2016-01-04', NULL, NULL, NULL, 'M', NULL, NULL, NULL, '', 1, '2017-07-10 05:24:27', '2017-08-31 06:14:46', '', '', '', '', ''),
(673, 'rec0093', '', 'K.SHANMUKHA RAO', '', 'K.SHANMUKHA RAO', '1', '3', 'Assistant Professor', 'M.Tech', 'shanmukha.cse@raghuenggcollege.in', '8985689398', 'rec0093_dp.png', '', '', NULL, NULL, 'Permanent', 'BOOPK7582J', '', '7769 3664 1345', '', NULL, '', NULL, '2016-02-01', NULL, NULL, NULL, 'M', NULL, NULL, NULL, '', 1, '2017-07-10 05:24:27', '2017-09-06 01:49:40', '', '', '', '', ''),
(674, 'rec0094', 'Mr.', 'G.SANYASI RAJU', ' ', 'G.SANYASI RAJU', '1', '3', 'Assistant Professor', 'M.Tech', 'sanyasiraju.cse@raghuenggcollege.in', '8985180061', 'rec0094_dp.png', 'Venkat Ravi', 'Ramani', 'Sujatha nagar, Visakhaptnam.', 'Visakhaptnam.', 'Permanent', 'BKPPG6558P', '', '8755 9597 4373', '', NULL, '', '1989-07-05', '2016-03-01', 'Kakinada', 'Andhra Pradesh', 'India', 'M', 'Indian', 'Hindhu', 'OC', '', 1, '2017-07-10 05:24:27', '2017-08-24 04:32:21', 'raju@gmail.com', '7894221560', '', '', ''),
(675, 'rec0095', '', 'Dr PANCHANAND JHA', '', 'Dr PANCHANAND J', '1', '9', 'Associate Professor', 'M.TECH, Ph.D', 'panchanandjha.mech@raghuenggcollege.in', '9437777934', NULL, '', '', NULL, NULL, 'Permanent', 'AIVPJ9003D', '', '3913 2093 6217', '', NULL, '', NULL, '2016-04-12', NULL, NULL, NULL, 'M', NULL, NULL, NULL, '', 1, '2017-07-10 05:24:27', '2017-07-28 03:21:05', '', '', '', '', ''),
(676, 'rec0096', '', 'B.SREEVIDYA', '', 'B.SREEVIDYA', '1', '11', 'Assistant Professor', 'MA', 'sreevidya.hs@raghuenggcollege.in', '9515173466', NULL, '', '', NULL, NULL, 'Permanent', 'CLMPB5362F', '', '8742 9984 5961', '', NULL, '', NULL, '2016-05-05', NULL, NULL, NULL, 'F', NULL, NULL, NULL, '', 1, '2017-07-10 05:24:27', '2017-08-16 23:53:20', '', '', '', '', ''),
(677, 'rec0097', '', 'CH.SRAVANI', '', 'CH.SRAVANI', '1', '5', 'Assistant Professor', 'M.TECH', 'sravani.ece@raghuenggcollege.in', '9160642265', NULL, '', '', NULL, NULL, 'Permanent', 'ASEPC2404J', '', '3326 7170 4698', '', NULL, '', NULL, '2016-05-10', NULL, NULL, NULL, 'F', NULL, NULL, NULL, '', 1, '2017-07-10 05:24:27', '2017-08-16 23:53:20', '', '', '', '', ''),
(678, 'rec0098', '', 'P. SIDDHARTHA', '', 'P. SIDDHARTHA', '1', '11', 'Assistant Professor', 'MA', 'pratapa.hs@raghuenggcollege.in', '8121486179', NULL, '', '', NULL, NULL, 'Permanent', 'CNYPP6173Q', '', '2627 9665 4705', '', NULL, '', NULL, '2016-05-11', NULL, NULL, NULL, 'M', NULL, NULL, NULL, '', 0, '2017-07-10 05:24:27', '2017-08-24 02:50:42', '', '', '', '', ''),
(679, 'rec0099', '', 'S.SUDHIRVARMA', '', 'S.SUDHIRVARMA', '1', '3', 'Assistant Professor', 'M.Tech', 'sudheer.cse@raghuenggcollege.in', '8790768098', NULL, '', '', NULL, NULL, 'Permanent', 'DMJPS9258C', '', '4013 5290 2146', '', NULL, '', NULL, '2016-05-11', NULL, NULL, NULL, 'M', NULL, NULL, NULL, '', 1, '2017-07-10 05:24:27', '2017-08-16 23:53:20', '', '', '', '', ''),
(680, 'rec0100', '', 'P P N G PHANI KUMAR', '', 'P P N G PHANI K', '1', '3', 'Assistant Professor', 'M.Tech', 'phani.cse@raghuenggcollege.in', '9701703435', NULL, '', '', NULL, NULL, 'Permanent', 'BYSPP2935G', '', '9704 6432 8962', '', NULL, '', NULL, '2016-05-11', NULL, NULL, NULL, 'M', NULL, NULL, NULL, '', 1, '2017-07-10 05:24:27', '2017-08-16 23:53:20', '', '', '', '', ''),
(681, 'rec0101', 'Dr.', 'PRAMILA MURTHY', 'V', 'Dr. V.PRAMILA M', '1', '11', 'Professor', 'MA,Ph.D', 'pramila.hs@raghuenggcollege.in', '9494484269', NULL, '', '', NULL, NULL, 'Permanent', 'ACMPV9194J', '', '3040 4312 1174', '', NULL, '', NULL, '2016-06-02', NULL, NULL, NULL, 'M', NULL, NULL, NULL, '', 1, '2017-07-10 05:24:27', '2017-08-31 02:03:05', '', '', '', '', ''),
(682, 'rec0102', '', 'P.RAJA NAVEEN', '', 'P.RAJA NAVEEN', '1', '9', 'Assistant Professor', 'M.TECH, (Ph.D)', 'rajanaveen.mech@raghuenggcollege.in', '9550388536', NULL, '', '', NULL, NULL, 'Permanent', 'AYHPP36826', '', '2017 78016 1966', '', NULL, '', NULL, '2016-06-10', NULL, NULL, NULL, 'M', NULL, NULL, NULL, '', 1, '2017-07-10 05:24:27', '2017-08-16 23:53:20', '', '', '', '', ''),
(683, 'rec0103', '', 'N S C  CHAITANYA', '', 'N S C  CHAITANY', '1', '9', 'Associate Professor', 'M.TECH (Ph.D)', 'chaitanya.mech@raghuenggcollege.in', '9666772121', NULL, '', '', NULL, NULL, 'Permanent', 'AEDPN0246C', '', '5246 7893 9075', '', NULL, '', NULL, '2016-06-22', NULL, NULL, NULL, 'M', NULL, NULL, NULL, '', 1, '2017-07-10 05:24:27', '2017-07-28 03:21:05', '', '', '', '', ''),
(684, 'rec0104', '', 'K.V. VARA LAKSHMI', '', 'K.V. VARA LAKSH', '1', '9', 'Associate Professor', 'M.Tech.,(PhD)', 'varalakshmi.mech@raghuenggcollege.in', '8500220436', NULL, '', '', NULL, NULL, 'Permanent', 'AVGPK7970G', '', '5574 9664 9290', '', NULL, '', NULL, '2016-06-22', NULL, NULL, NULL, 'F', NULL, NULL, NULL, '', 1, '2017-07-10 05:24:27', '2017-07-28 03:21:05', '', '', '', '', ''),
(685, 'rec0105', '', 'K PRANEETH', '', 'K PRANEETH', '1', '11', 'Assistant Professor', 'MBA', 'praneeth.hs@raghuenggcollege.in', '8106065740', NULL, '', '', NULL, NULL, 'Permanent', 'BUMPK2376N', '', '6836 3428 4632', '', NULL, '', NULL, '2016-07-01', NULL, NULL, NULL, 'M', NULL, NULL, NULL, '', 1, '2017-07-10 05:24:27', '2017-08-16 23:53:20', '', '', '', '', ''),
(686, 'rec0106', '', 'DVR VASU PAVANI', '', 'DVR VASU PAVANI', '1', '11', 'Assistant Professor', 'MSC', 'pavani.hs@raghuenggcollege.in', '9492589554', NULL, '', '', NULL, NULL, 'Permanent', 'AYHPD0808L', '', '6181 7432 4206', '', NULL, '', NULL, '2016-07-01', NULL, NULL, NULL, 'M', NULL, NULL, NULL, '', 1, '2017-07-10 05:24:27', '2017-08-16 23:53:20', '', '', '', '', ''),
(687, 'rec0107', '', 'M.SURYA RAO', '', 'M.SURYA RAO', '1', '11', 'Assistant Professor', 'MSC', 'suryarao.hs@raghuenggcollege.in', '9052855580', NULL, '', '', NULL, NULL, 'Permanent', 'BDIPM3458C', '', '7364 8831 5831', '', NULL, '', NULL, '2016-07-01', NULL, NULL, NULL, 'M', NULL, NULL, NULL, '', 1, '2017-07-10 05:24:27', '2017-08-16 23:53:20', '', '', '', '', ''),
(688, 'rec0108', '', 'P.SANKAR RAO', '', 'P.SANKAR RAO', '1', '5', 'Assistant Professor', 'M.TECH', 'sankar.ece@raghuenggcollege.in', '7032045015', NULL, '', '', NULL, NULL, 'Permanent', 'BQYPP0433R', '', '4399 9240 8641', '', NULL, '', NULL, '2016-07-21', NULL, NULL, NULL, 'M', NULL, NULL, NULL, '', 1, '2017-07-10 05:24:27', '2017-08-16 23:53:20', '', '', '', '', ''),
(689, 'rec0109', '', 'SVV RAMA DEVI', '', 'SVV RAMA DEVI', '1', '11', 'Associate Professor', 'MSC, M.Phil, (Ph.D)', 'ramadevi.hs@raghuenggcollege.com', '9676255312', NULL, '', '', NULL, NULL, 'Permanent', 'BZDTS3746R', '', '6981 7184 2786', '', NULL, '', NULL, '2016-07-28', NULL, NULL, NULL, 'M', NULL, NULL, NULL, '', 1, '2017-07-10 05:24:27', '2017-07-28 03:21:05', '', '', '', '', ''),
(690, 'rec0110', '', 'S. TEJESWAR REDDY', '', 'S. TEJESWAR RED', '1', '11', 'Assistant Professor', 'MBA', 'tejeswar.hs@raghuenggcollege.in', '8019953776', NULL, '', '', NULL, NULL, 'Permanent', 'CHBPR7136J', '', '2992 8275 3936', '', NULL, '', NULL, '2016-08-01', NULL, NULL, NULL, 'M', NULL, NULL, NULL, '', 1, '2017-07-10 05:24:27', '2017-08-16 23:53:20', '', '', '', '', ''),
(691, 'rec0111', '', 'B VISALAKSHI', '', 'B VISALAKSHI', '1', '11', 'Assistant Professor', 'MSC', 'visalakshi.hs@raghuenggcollege.in', '8374482962', NULL, '', '', NULL, NULL, 'Permanent', 'CNJPB0471Q', '', '4326 1987 4774', '', NULL, '', NULL, '2016-08-08', NULL, NULL, NULL, 'F', NULL, NULL, NULL, '', 1, '2017-07-10 05:24:27', '2017-08-16 23:53:20', '', '', '', '', ''),
(692, 'rec0112', '', 'T.SANTHI PRIYA', '', 'T.SANTHI PRIYA', '1', '11', 'Assistant Professor', 'MSC', 'santhi.hs@Raghuenggcollege.in', '7032300939', NULL, '', '', NULL, NULL, 'Permanent', 'AXLPT2882P', '', '4704 7865 2431', '', NULL, '', NULL, '2016-08-08', NULL, NULL, NULL, 'F', NULL, NULL, NULL, '', 1, '2017-07-10 05:24:27', '2017-08-16 23:53:20', '', '', '', '', ''),
(693, 'rec0113', '', 'S KUMAR', '', 'S KUMAR', '1', '5', 'Assistant Professor', 'M.TECH', 'kumar.ece@raghuenggcollege.in', '9337342847', NULL, '', '', NULL, 'Ganapati Nagar, 3rd Lane, Berhampur - 760005', 'Permanent', 'BDIPK9356B', '', '2680 9893 9716', '', NULL, '', '1985-08-22', '2016-08-09', NULL, NULL, NULL, 'M', NULL, NULL, NULL, '', 1, '2017-07-10 05:24:27', '2017-09-13 07:05:45', '', '', '', '', ''),
(694, 'rec0114', '', 'MD. RAMEEZ', '', 'MD. RAMEEZ', '1', '5', 'Assistant Professor', 'M.TECH', 'rameez.ece@raghuenggcollege.in', '9703032728', NULL, '', '', NULL, NULL, 'Permanent', 'BJVPM0144E', '', '6583 4205 8704', '', NULL, '', NULL, '2016-08-11', NULL, NULL, NULL, 'M', NULL, NULL, NULL, '', 0, '2017-07-10 05:24:27', '2017-08-29 05:40:57', '', '', '', '', ''),
(695, 'rec0115', 'Dr.', 'PHANI RAMA KRISHNA ', 'CHUNDURY', 'Dr. PHANI RAMA ', '1', '5', 'Professor', 'M.Tech., PhD', 'ramakrishna@raghueducational.org', '9491273518', NULL, 'Kameswara Rao', 'Perin Devi', 'C 507, K S R Green Valley, Madhavadhara, Visakhapatnam - 530018', 'Visakhapatnam', 'Permanent', 'ADHPC2737N', '', '5746 9586 1148', '', NULL, '', NULL, '2016-08-12', 'Bhimavaram', 'Andhra Pradesh', 'India', 'M', 'Indian', 'Hindu', 'Brahmin', '', 1, '2017-07-10 05:24:27', '2017-09-21 01:33:23', 'ramakrishnacp@gmail.com', '9491273518', 'C S S Kamaleswari', '42', 'House wife'),
(696, 'rec0116', '', 'RADHARANI NAYAK', '', 'RADHARANI NAYAK', '1', '9', 'Assistant Professor', 'M.TECH', ' radharani.mech@raghuenggcollege.in', '7093694120', 'rec0116_dp.JPG', '', '', NULL, NULL, 'Permanent', 'AKWPN1942N', '', '2751 0779 8895', '', NULL, '', NULL, '2016-08-16', NULL, NULL, NULL, 'F', NULL, NULL, NULL, '', 1, '2017-07-10 05:24:27', '2017-09-06 22:23:02', '', '', '', '', ''),
(697, 'rec0117', '', 'VANDANA MAHANTHI', '', 'VANDANA MAHANTH', '1', '5', 'Associate Professor', 'M.TECH', 'vandana.ece@raghuinstech.com', '9966124125', NULL, '', '', NULL, NULL, 'Permanent', 'BTCPM0386D', '', '8350 1212 4573', '', NULL, '', NULL, '2016-08-31', NULL, NULL, NULL, 'F', NULL, NULL, NULL, '', 1, '2017-07-10 05:24:27', '2017-07-28 03:21:05', '', '', '', '', ''),
(698, 'rec0118', '', 'S SARALA', '', 'S SARALA', '1', '9', 'Assistant Professor', 'M.TECH', 'sarala.mech@raghuenggcollege.in', '7675883454', NULL, '', '', NULL, NULL, 'Permanent', 'CPXPS3307E', '', '2130 8528 1919', '', NULL, '', NULL, '2016-09-22', NULL, NULL, NULL, 'F', NULL, NULL, NULL, '', 0, '2017-07-10 05:24:27', '2017-08-24 02:47:49', '', '', '', '', ''),
(699, 'rec0119', '', 'D SIVA PRASAD VARMA', '', 'D SIVA PRASAD V', '1', '9', 'Assistant Professor', 'M.TECH', 'sivaprasad.mech@raghuenggcollege.in', '9176781782', 'rec0119_dp.JPEG', 'DANTULURI SANYASI RAJU', 'D.NAGA LAKSHMI', NULL, NULL, 'Permanent', 'BGTPD9083L', '', '7961 6957 5940', '', NULL, '', NULL, '2016-09-26', 'TUNI', 'ANDHRA PRADESH', 'INDIA', 'M', 'INDIAN', 'HINDU', 'KSHTRAIYAN', '', 1, '2017-07-10 05:24:27', '2017-09-02 21:10:38', 'prudvivarma93@gmail.com', '9494087983', '', '', ''),
(700, 'rec0120', '', 'L SREEDHAR', '', 'L SREEDHAR', '1', '3', 'Associate Professor', 'M.Tech ', 'sreedhar.cse@raghuenggcollege.in', '9949158306', NULL, '', '', NULL, NULL, 'Permanent', 'ABXPL0363K', '', '9218 0155 1460', '', NULL, '', NULL, '2016-10-14', NULL, NULL, NULL, 'M', NULL, NULL, NULL, '', 1, '2017-07-10 05:24:27', '2017-07-28 03:21:05', '', '', '', '', ''),
(701, 'rec0121', '', 'K SRINIVAS RAVI KUMAR', '', 'K SRINIVAS RAVI', '1', '5', 'Assistant Professor', 'M.Tech,', 'srinivas.ece@raghuenggcollege.in', '9866264335', NULL, '', '', NULL, NULL, 'Permanent', 'BFQPK6542F', '', '6670 6002 9042', '', NULL, '', NULL, '2016-10-27', NULL, NULL, NULL, 'M', NULL, NULL, NULL, '', 1, '2017-07-10 05:24:27', '2017-08-16 23:53:20', '', '', '', '', ''),
(702, 'rec0122', '', 'K SULOCHANA', '', 'K SULOCHANA', '1', '7', 'Associate Professor', 'M.E., (Ph.D)', 'sulochana.eee@raghuenggcollege.in', '7794961578', NULL, '', '', NULL, NULL, 'Permanent', 'BKGPK9871E', '', '4660 2267 4171', '', NULL, '', NULL, '2016-10-31', NULL, NULL, NULL, 'F', NULL, NULL, NULL, '', 1, '2017-07-10 05:24:27', '2017-07-28 03:21:05', '', '', '', '', ''),
(703, 'rec0123', '', 'P S KRISHNAM RAJU', '', 'P S KRISHNAM RA', '1', '9', 'Assistant Professor', 'M.Tech', 'krishnamraju.mech@raghuenggcollege.com', '9059630102', NULL, '', '', NULL, NULL, 'Permanent', 'BVAPP4005N', '', '7479 3037 7375', '', NULL, '', NULL, '2016-11-07', NULL, NULL, NULL, 'M', NULL, NULL, NULL, '', 1, '2017-07-10 05:24:27', '2017-08-16 23:53:20', '', '', '', '', ''),
(704, 'rec0124', '', 'M SRIDHAR', '', 'M SRIDHAR', '1', '1', 'Assistant Professor', 'M.E.', 'sridhar.civil@raghuenggcollege.in', '8886035887', NULL, '', '', NULL, NULL, 'Permanent', 'BSNPM7118K', '', '4405 8582 5131', '', NULL, '', NULL, '2016-11-08', NULL, NULL, NULL, 'M', NULL, NULL, NULL, '', 1, '2017-07-10 05:24:27', '2017-08-16 23:53:20', '', '', '', '', ''),
(705, 'rec0125', '', 'MANISH YADAV', '', 'MANISH YADAV', '1', '9', 'Assistant Professor', 'M.Tech', 'manish.mech@raghuenggcollege.in', '9052258695', NULL, '', '', NULL, NULL, 'Permanent', 'AMDPY5018R', '', '5890 5010 6619', '', NULL, '', NULL, '2016-11-09', NULL, NULL, NULL, 'M', NULL, NULL, NULL, '', 1, '2017-07-10 05:24:27', '2017-08-16 23:53:20', '', '', '', '', ''),
(706, 'rec0126', '', 'V PRAMADHA RANI', '', 'V PRAMADHA RANI', '1', '7', 'Assistant Professor', 'M.Tech', 'pramadharani.eee@raghuenggcollege.in', '7416126063', NULL, '', '', NULL, NULL, 'Permanent', 'AHNPV7250M', '', '7891 2448 3472', '', NULL, '', NULL, '2016-11-10', NULL, NULL, NULL, 'F', NULL, NULL, NULL, '', 1, '2017-07-10 05:24:27', '2017-08-16 23:53:20', '', '', '', '', ''),
(707, 'rec0127', '', 'M SHOBHA', '', 'M SHOBHA', '1', '9', 'Assistant Professor', 'M.TECH', 'shobha.mech@raghuenggcollege.in', '9704112614', NULL, '', '', NULL, NULL, 'Permanent', 'DQQPS2721M', '', '8622 9686 1521', '', NULL, '', NULL, '2016-11-10', NULL, NULL, NULL, 'F', NULL, NULL, NULL, '', 1, '2017-07-10 05:24:27', '2017-08-16 23:53:20', '', '', '', '', ''),
(708, 'rec0128', '', 'Y E VASANTH KUMAR', '', 'Y E VASANTH KUM', '1', '5', 'Assistant Professor', 'M.TECH', 'vasanth.ece@raghuenggcollege.in', '9642707136', NULL, '', '', NULL, NULL, 'Permanent', 'AGJPY9746Q', '', '6310 3402 9375', '', NULL, '', NULL, '2016-11-10', NULL, NULL, NULL, 'M', NULL, NULL, NULL, '', 1, '2017-07-10 05:24:27', '2017-08-16 23:53:20', '', '', '', '', ''),
(709, 'rec0129', '', 'K CHINABABU', '', 'K CHINABABU', '1', '11', 'Assistant Professor', 'M.SC', 'chinababu.hs@raghuenggcollege.in', '9494331758', NULL, '', '', NULL, NULL, 'Permanent', 'EDOPK2869A', '', '8568 2845 6745', '', NULL, '', NULL, '2016-11-12', NULL, NULL, NULL, 'M', NULL, NULL, NULL, '', 1, '2017-07-10 05:24:27', '2017-08-16 23:53:20', '', '', '', '', '');
INSERT INTO `staff` (`id`, `reg_no`, `title`, `firstname`, `lastname`, `dispname`, `college`, `department`, `designation`, `qualification`, `email`, `mobile`, `dp`, `father_name`, `mother_name`, `present_address`, `permanent_address`, `employment_type`, `pan`, `pan_file`, `aadhar`, `aadhar_file`, `passport`, `passport_file`, `dateob`, `doj`, `placeob`, `stateob`, `countryob`, `gender`, `nationality`, `religion`, `caste`, `role`, `status`, `created_at`, `updated_at`, `personal_email`, `personal_phone_no`, `spouce_name`, `spouce_age`, `spouce_employment`) VALUES
(710, 'rec0130', '', 'B SUDEEPTHI', '', 'B SUDEEPTHI', '1', '1', 'Assistant Professor', 'M.TECH.', 'sudeepthi.civil@raghuenggcollege.in', '8790395392', NULL, '', '', NULL, NULL, 'Permanent', 'BLEPB2632M', '', '4136 6447 8358', '', NULL, '', NULL, '2016-11-14', NULL, NULL, NULL, 'F', NULL, NULL, NULL, '', 1, '2017-07-10 05:24:27', '2017-08-16 23:53:20', '', '', '', '', ''),
(711, 'rec0131', '', 'GUPTESWAR SAHU', '', 'GUPTESWAR SAHU', '1', '5', 'Associate Professor', 'M.Tech,(Ph.D)', 'gupteswar.ece@raghuenggcollege.in', '9642154993', NULL, '', '', NULL, NULL, 'Permanent', 'CDTPS9122B', '', '4425 5385 2784', '', NULL, '', NULL, '2016-11-14', NULL, NULL, NULL, 'M', NULL, NULL, NULL, '', 1, '2017-07-10 05:24:27', '2017-07-28 03:21:05', '', '', '', '', ''),
(712, 'rec0132', '', 'D BHASKARA RAO', '', 'D BHASKARA RAO', '1', '5', 'Assistant Professor', 'M.TECH', 'bhaskar.ece@raghuenggcollege.in', '9603240973', NULL, '', '', NULL, NULL, 'Permanent', 'CLSPD3223P', '', '4527 7830 9406', '', NULL, '', NULL, '2016-11-14', NULL, NULL, NULL, 'M', NULL, NULL, NULL, '', 1, '2017-07-10 05:24:27', '2017-08-16 23:53:20', '', '', '', '', ''),
(713, 'rec0133', '', 'NETHALA RAJU', '', 'NETHALA RAJU', '1', '9', 'Assistant Professor', 'M.TECH', 'raju.mech@raghuenggcollege.in', '9160176959', NULL, '', '', NULL, NULL, 'Permanent', 'AKGPN9316C', '', '3694 9994 5154', '', NULL, '', NULL, '2016-11-17', NULL, NULL, NULL, 'M', NULL, NULL, NULL, '', 1, '2017-07-10 05:24:27', '2017-08-16 23:53:20', '', '', '', '', ''),
(714, 'rec0134', '', 'P NAGABHUSHANAM', '', 'P NAGABHUSHANAM', '1', '1', 'Associate Professor', 'M.TECH', 'nagabhusanam.civil@raghuenggcollege.in', '7382437305', NULL, '', '', NULL, NULL, 'Permanent', 'ACIPN9285A', '', '9095 2232 6263', '', NULL, '', NULL, '2016-11-23', NULL, NULL, NULL, 'M', NULL, NULL, NULL, '', 1, '2017-07-10 05:24:27', '2017-07-28 03:21:05', '', '', '', '', ''),
(715, 'rec0135', '', 'A SWETHA', '', 'A SWETHA', '1', '5', 'Assistant Professor', 'M.TECH', 'swetha.ece@raghuenggcollege.in', '9493313615', NULL, '', '', NULL, NULL, 'Permanent', 'BVNPA3771M', '', '2348 5787 1722', '', NULL, '', NULL, '2016-11-25', NULL, NULL, NULL, 'F', NULL, NULL, NULL, '', 0, '2017-07-10 05:24:27', '2017-09-13 01:44:55', '', '', '', '', ''),
(716, 'rec0136', '', 'BLESSY NAVARA', '', 'BLESSY NAVARA', '1', '5', 'Assistant Professor', 'M.TECH', 'blessy.ece@raghuenggcollege.in', '9493398570', NULL, '', '', NULL, NULL, 'Permanent', 'AWRPN2787L', '', '3115 1102 4411', '', NULL, '', NULL, '2016-11-25', NULL, NULL, NULL, 'F', NULL, NULL, NULL, '', 1, '2017-07-10 05:24:27', '2017-08-16 23:53:20', '', '', '', '', ''),
(717, 'rec0137', '', 'K MAHESWAR RAO', '', 'K MAHESWAR RAO', '1', '5', 'Assistant Professor', 'M.TECH', 'mahesh.ece@raghuenggcollege.in', '9492452500', NULL, '', '', NULL, NULL, 'Permanent', 'DEPPK5659H', '', '8800 6239 0346', '', NULL, '', NULL, '2016-11-25', NULL, NULL, NULL, 'M', NULL, NULL, NULL, '', 1, '2017-07-10 05:24:27', '2017-08-16 23:53:20', '', '', '', '', ''),
(718, 'rec0138', '', 'T SURESH', '', 'T SURESH', '1', '11', 'Assistant Professor', 'M.SC', 'suresh.hs@raghuenggcollege.in', '9494905701', NULL, '', '', NULL, NULL, 'Permanent', 'BBXPT4056N', '', '6468 9754 2326', '', NULL, '', NULL, '2016-12-01', NULL, NULL, NULL, 'M', NULL, NULL, NULL, '', 1, '2017-07-10 05:24:27', '2017-08-16 23:53:20', '', '', '', '', ''),
(719, 'rec0139', '', 'P REVATHI', '', 'P REVATHI', '1', '11', 'Assistant Professor', 'M.A', 'revathi.hs@raghuenggcollege.in', '9492545673', NULL, '', '', NULL, NULL, 'Permanent', 'CXAPP9005K', '', '3932 9553 1709', '', NULL, '', NULL, '2016-12-05', NULL, NULL, NULL, 'F', NULL, NULL, NULL, '', 1, '2017-07-10 05:24:27', '2017-08-16 23:53:20', '', '', '', '', ''),
(720, 'rec0140', '', 'K SREEKANTH', '', 'K SREEKANTH', '1', '9', 'Associate Professor', 'M.TECH', 'sreekanth.mech@raghuinstech.com', '9032622672', NULL, '', '', NULL, NULL, 'Permanent', 'AZRPS0603B', '', '5924 7261 1851', '', NULL, '', NULL, '2016-12-22', NULL, NULL, NULL, 'M', NULL, NULL, NULL, '', 1, '2017-07-10 05:24:27', '2017-07-28 03:21:05', '', '', '', '', ''),
(721, 'rec0141', '', 'Y SWAPNA', '', 'Y SWAPNA', '1', '11', 'Assistant Professor', 'M.SC', 'rec0141@raghuengg.in', '9177562490', NULL, '', '', NULL, NULL, 'Permanent', 'AQAPY3973E', '', '3454 0869 5855', '', NULL, '', NULL, '2017-01-21', NULL, NULL, NULL, 'F', NULL, NULL, NULL, '', 1, '2017-07-10 05:24:27', '2017-08-16 23:53:20', '', '', '', '', ''),
(722, 'rec0142', '', 'P RAMESH', '', 'P RAMESH', '1', '11', 'Assistant Professor', 'M.A', 'ramesh.hs@raghuenggcollege.in', '8106471987', NULL, '', '', NULL, NULL, 'Permanent', 'AXEPP1267H', '', '9120 5299 2356', '', NULL, '', NULL, '2017-02-01', NULL, NULL, NULL, 'M', NULL, NULL, NULL, '', 1, '2017-07-10 05:24:27', '2017-08-16 23:53:20', '', '', '', '', ''),
(723, 'rec0143', 'Dr.', 'SATYANARAYANA', 'S', 'Dr S SATYANARAY', '1', '7', 'Professor', 'M.E., Ph.D.', 'satyanarayana.eee@raghuenggcollege.in', '9908536668', NULL, '', '', NULL, NULL, 'Permanent', 'AFLPS6428Q', '', '5549 0048 1902', '', NULL, '', NULL, '2017-02-09', NULL, NULL, NULL, 'M', NULL, NULL, NULL, 'hod', 1, '2017-07-10 05:24:27', '2017-08-31 01:56:55', '', '', '', '', ''),
(724, 'rec0144', '', 'P RAVI KUMAR', '', 'P RAVI KUMAR', '1', '7', 'Assistant Professor', 'M.Tech', 'ravikumar.eee@raghuenggcollege.in', '8374956009', 'rec0144_dp.jpeg', '', '', NULL, NULL, 'Permanent', 'AKEPR0011J', '', '8413 3602 2365', '', NULL, '', NULL, '2017-02-09', NULL, NULL, NULL, 'M', NULL, NULL, NULL, '', 1, '2017-07-10 05:24:27', '2017-09-05 22:04:26', '', '', '', '', ''),
(725, 'rec0145', '', 'AMIT KUMAR MEHAR', '', 'AMIT KUMAR MEHA', '1', '9', 'Associate Professor', 'M.Tech., (Ph.D)', 'amitkumar.mech@raghuenggcollege.in', '7382710371', NULL, '', '', NULL, NULL, 'Permanent', 'AUMPM9091P', '', '8471 1254 2346', '', NULL, '', NULL, '2017-02-15', NULL, NULL, NULL, 'M', NULL, NULL, NULL, '', 1, '2017-07-10 05:24:27', '2017-07-28 03:21:05', '', '', '', '', ''),
(726, 'rec0146', '', 'D SANDHYA RANI', '', 'D SANDHYA RANI', '1', '11', 'Assistant Professor', 'M.SC', 'sandhya.hs@raghuenggcollege.in', '9100090962', NULL, '', '', NULL, NULL, 'Permanent', 'BJJPD5180R', '', '8342 9032 9084', '', NULL, '', NULL, '2017-02-22', NULL, NULL, NULL, 'M', NULL, NULL, NULL, '', 1, '2017-07-10 05:24:27', '2017-08-16 23:53:20', '', '', '', '', ''),
(727, 'rec0147', '', 'R SIRI', '', 'R SIRI', '1', '7', 'Assistant Professor', 'M.Tech', 'siri.eee@raghuenggcollege.in', '7093537035', NULL, '', '', NULL, NULL, 'Permanent', 'BNMPR4415G', '', '3494 9866 8034', '', NULL, '', NULL, '2017-03-01', NULL, NULL, NULL, 'F', NULL, NULL, NULL, '', 1, '2017-07-10 05:24:27', '2017-08-16 23:53:20', '', '', '', '', ''),
(728, 'rec0148', '', 'R VIJAY SAGAR', '', 'R VIJAY SAGAR', '1', '1', 'Assistant Professor', 'M.TECH. (CTPM)', 'sagar.civil@raghuenggcollege.in', '9177913391', NULL, '', '', NULL, NULL, 'Permanent', 'BJWPR5413C', '', '4225 3383 9609', '', NULL, '', NULL, '2017-03-27', NULL, NULL, NULL, 'M', NULL, NULL, NULL, '', 1, '2017-07-10 05:24:27', '2017-08-16 23:53:20', '', '', '', '', ''),
(729, 'rec0149', '', 'RAJ KISHOR DAS', '', 'RAJ KISHOR DAS', '1', '9', 'Associate Professor', 'M.Tech', 'kishoredas.mech@raghuenggcollege.in', '9441292298', NULL, '', '', NULL, NULL, 'Permanent', 'AIVPD1288Q', '', '5629 3132 1338', '', NULL, '', NULL, '2017-04-04', NULL, NULL, NULL, 'M', NULL, NULL, NULL, '', 1, '2017-07-10 05:24:27', '2017-07-28 03:21:05', '', '', '', '', ''),
(730, 'rec0150', '', 'K JYOTHSNA', '', 'K JYOTHSNA', '1', '5', 'Assistant Professor', 'M.TECH', 'jyothsna.ece@raghuenggcollege.in', '9441098527', NULL, '', '', NULL, NULL, 'Permanent', 'DLJPK3829L', '', '3508 5465 0908', '', NULL, '', NULL, '2017-04-04', NULL, NULL, NULL, 'F', NULL, NULL, NULL, '', 1, '2017-07-10 05:24:27', '2017-08-16 23:53:20', '', '', '', '', ''),
(731, 'rec0151', '', 'N B L V PRASAD', '', 'N B L V PRASAD', '1', '7', 'Assistant Professor', 'M.Tech', 'prasad.eee@raghuenggcollege.in', '8712411484', NULL, '', '', NULL, NULL, 'Permanent', 'ANBPN6532C', '', '7633 3981 4604', '', NULL, '', NULL, '2017-04-07', NULL, NULL, NULL, 'M', NULL, NULL, NULL, '', 1, '2017-07-10 05:24:27', '2017-08-16 23:53:20', '', '', '', '', ''),
(732, 'rec0152', '', 'Dr T GANAPATHY', '', 'Dr T GANAPATHY', '1', '9', 'Professor', 'B.E., M.Tech., Ph.D (IITR)', 'ganapathy.mech@raghuenggcollege.in', '9486692624', NULL, '', '', NULL, NULL, 'Permanent', 'AGLPG1239Q', '', '8456 5548 0772', '', NULL, '', NULL, '2017-04-07', NULL, NULL, NULL, 'M', NULL, NULL, NULL, '', 1, '2017-07-10 05:24:27', '2017-07-28 03:21:05', '', '', '', '', ''),
(733, 'rec0153', 'Dr.', 'RAVI', 'S', 'Dr.S RAVI', '1', '1', 'Professor', 'M.TECH.,Ph.D', 'ravi.civil@raghuenggcollege.in', '9493254730', NULL, '', '', NULL, NULL, 'Permanent', 'ARQPS0189P', '', '2004 1970 3582', '', NULL, '', NULL, '2017-04-10', NULL, NULL, NULL, 'M', NULL, NULL, NULL, '', 1, '2017-07-10 05:24:27', '2017-08-31 01:53:20', '', '', '', '', ''),
(734, 'rec0154', '', 'R GOVINDA', '', 'R GOVINDA', '1', '5', 'Assistant Professor', 'M.TECH', 'govinda.ece@raghuenggcollege.in', '9505813580', NULL, '', '', NULL, NULL, 'Permanent', 'BZCPR0220D', '', '7723 0783 8283', '', NULL, '', NULL, '2017-04-13', NULL, NULL, NULL, 'M', NULL, NULL, NULL, '', 1, '2017-07-10 05:24:27', '2017-08-16 23:53:20', '', '', '', '', ''),
(735, 'rec0155', '', 'Dr VIVEK PANDEY', '', 'Dr VIVEK PANDEY', '1', '9', 'Professor', 'M.Tech., Ph.D', 'vivek.mech@raghuenggcollege.in', '7000763012', NULL, '', '', NULL, NULL, 'Permanent', 'AROPP6787E', '', '7939 0698 1415', '', NULL, '', NULL, '2017-04-19', NULL, NULL, NULL, 'M', NULL, NULL, NULL, '', 1, '2017-07-10 05:24:27', '2017-07-28 03:21:05', '', '', '', '', ''),
(736, 'rec0156', '', 'G SUNIL KUMAR', '', 'G SUNIL KUMAR', '1', '5', 'Assistant Professor', 'M.TECH', 'sunil.ece@raghuenggcollege.in', '9439558518', NULL, '', '', NULL, NULL, 'Permanent', 'AOMPG9189A', '', '9897 3274 0083', '', NULL, '', NULL, '2017-04-21', NULL, NULL, NULL, 'M', NULL, NULL, NULL, '', 1, '2017-07-10 05:24:27', '2017-08-16 23:53:20', '', '', '', '', ''),
(737, 'rec0157', '', 'S P APARANJI', '', 'S P APARANJI', '1', '9', 'Associate Professor', 'M.TECH, (Ph.D)', 'aparanji.mech@raghuenggcollege.in', '9652655597', NULL, '', '', NULL, NULL, 'Permanent', 'AFWPA0887J', '', '8889 6869 5225', '', NULL, '', NULL, '2017-05-01', NULL, NULL, NULL, 'M', NULL, NULL, NULL, '', 1, '2017-07-10 05:24:27', '2017-07-28 03:21:05', '', '', '', '', ''),
(738, 'rec0158', '', 'T HIMA BINDU', '', 'T HIMA BINDU', '1', '9', 'Assistant Professor', 'M.TECH', 'himabindu.mech@raghuenggcollege.in', '7396948546', NULL, '', '', NULL, NULL, 'Permanent', 'ANVPT7759D', '', '4038 8927 8536', '', NULL, '', NULL, '2017-05-01', NULL, NULL, NULL, 'F', NULL, NULL, NULL, '', 1, '2017-07-10 05:24:27', '2017-08-16 23:53:20', '', '', '', '', ''),
(739, 'rec0159', '', 'T KALYANI', '', 'T KALYANI', '1', '9', 'Associate Professor', 'M.E', 'kalyani.mech@raghuenggcollege.in', '9966912408', NULL, '', '', NULL, NULL, 'Permanent', 'AHVPT4251E', '', '9241 1295 7705', '', NULL, '', NULL, '2017-05-01', NULL, NULL, NULL, 'F', NULL, NULL, NULL, '', 1, '2017-07-10 05:24:27', '2017-07-28 03:21:05', '', '', '', '', ''),
(740, 'rec0160', '', 'R VINAY KUMAR', '', 'R VINAY KUMAR', '1', '5', 'Assistant Professor', 'M.TECH', 'vinaykumar.ece@raghuenggcollege.in', '8106522400', NULL, '', '', NULL, NULL, 'Permanent', 'BOWPR4335G', '', '5733 4213 1113', '', NULL, '', NULL, '2017-05-04', NULL, NULL, NULL, 'M', NULL, NULL, NULL, '', 1, '2017-07-10 05:24:27', '2017-08-16 23:53:20', '', '', '', '', ''),
(741, 'rec0161', '', 'K H K RAGHU VAMSI', '', 'K H K RAGHU VAM', '1', '5', 'Assistant Professor', 'M.TECH', 'vamsi.ece@raghuenggcollege.in', '8125999176', NULL, '', '', NULL, NULL, 'Permanent', 'AYPPK6077N', '', '7313 8909 0625', '', NULL, '', NULL, '2017-05-05', NULL, NULL, NULL, 'M', NULL, NULL, NULL, '', 1, '2017-07-10 05:24:27', '2017-08-16 23:53:20', '', '', '', '', ''),
(742, 'rec0162', '', 'Y S G GOVIND BABU', '', 'Y S G GOVIND BA', '1', '1', 'Assistant Professor', 'M.TECH. (SM & FE)', 'rec0162@raghuengg.in', '9441768332', 'rec0162_dp.JPG', '', '', NULL, NULL, 'Permanent', 'ANCPY4465E', '', '4445 3761 3533', '', NULL, '', NULL, '2017-05-08', NULL, NULL, NULL, 'M', NULL, NULL, NULL, '', 1, '2017-07-10 05:24:27', '2017-09-06 00:01:06', '', '', '', '', ''),
(743, 'rec0163', '', 'MD ARIF', '', 'MD ARIF', '1', '9', 'Assistant Professor', 'M.TECH', 'arif.mech@raghuenggcollege.in', '9741913658', NULL, '', '', NULL, NULL, 'Permanent', 'AYMPA5669F', '', '2646 8595 8282', '', NULL, '', NULL, '2017-05-08', NULL, NULL, NULL, 'M', NULL, NULL, NULL, '', 1, '2017-07-10 05:24:27', '2017-08-16 23:53:20', '', '', '', '', ''),
(744, 'rec0164', '', 'MOHD MERAJ KHAN', '', 'MOHD MERAJ KHAN', '1', '9', 'Assistant Professor', 'M.TECH', 'meraj.mech@raghuenggcollege.in', '8939555476', NULL, '', '', NULL, NULL, 'Permanent', 'BGGPK2273Q', '', '3647 0560 2661', '', NULL, '', NULL, '2017-05-08', NULL, NULL, NULL, 'M', NULL, NULL, NULL, '', 1, '2017-07-10 05:24:27', '2017-08-16 23:53:20', '', '', '', '', ''),
(745, 'rec0165', '', 'T S KAVITHA', '', 'T S KAVITHA', '1', '5', 'Associate Professor', 'M.TECH, (Ph.D)', 'kavita.ece@raghuenggcollege.in', '9849434679', NULL, '', '', NULL, NULL, 'Permanent', 'ADIPT1564B', '', '2695 6629 2315', '', NULL, '', NULL, '2017-05-08', NULL, NULL, NULL, 'F', NULL, NULL, NULL, '', 1, '2017-07-10 05:24:27', '2017-07-28 03:21:05', '', '', '', '', ''),
(746, 'rec0166', '', 'A VAMSIDHAR', '', 'A VAMSIDHAR', '1', '5', 'Associate Professor', 'MTECH, (Ph.D)', 'vamsidhar.ece@raghuenggcollege.in', '9849332767', NULL, '', '', NULL, NULL, 'Permanent', 'AGCPA5252A', '', '4106 1542 1277', '', NULL, '', NULL, '2017-05-12', NULL, NULL, NULL, 'M', NULL, NULL, NULL, '', 1, '2017-07-10 05:24:27', '2017-07-28 03:21:05', '', '', '', '', ''),
(747, 'rec0167', '', 'M SRIKANTH', '', 'M SRIKANTH', '1', '7', 'Assistant Professor', 'M.Tech', 'rec0167@raghuengg.in', '9493312936', NULL, '', '', NULL, NULL, 'Permanent', 'BKHPM3256L', '', '3321 2528 8198', '', NULL, '', NULL, '2017-05-13', NULL, NULL, NULL, 'M', NULL, NULL, NULL, '', 1, '2017-07-10 05:24:27', '2017-08-16 23:53:20', '', '', '', '', ''),
(748, 'rec0168', 'Dr.', 'MURALI', 'M', 'Dr. M MURALI', '1', '5', 'Professor', 'M.TECH Ph.D', 'murali.ece@raghuenggcollege.in', '9440149970', NULL, '', '', NULL, NULL, 'Permanent', 'BJFPM7367D', '', '4254 6847 1871', '', NULL, '', NULL, '2017-05-15', NULL, NULL, NULL, 'M', NULL, NULL, NULL, '', 1, '2017-07-10 05:24:27', '2017-08-31 01:54:52', '', '', '', '', ''),
(749, 'rec0169', '', 'Y SUDHAVANI', '', 'Y SUDHAVANI', '1', '5', 'Associate Professor', 'M.TECH,(Ph.D)', 'sudhavani.ece@raghuenggcollege.in', '8885868862', NULL, '', '', NULL, NULL, 'Permanent', 'AETPY1388N', '', '6137 2063 7508', '', NULL, '', NULL, '2017-05-15', NULL, NULL, NULL, 'M', NULL, NULL, NULL, '', 1, '2017-07-10 05:24:27', '2017-07-28 03:21:05', '', '', '', '', ''),
(750, 'rec0170', '', 'G RAJA KUMARI', '', 'G RAJA KUMARI', '1', '3', 'Assistant Professor', 'M.TECH', 'kumari.cse@raghuenggcollege.in', '9949221613', NULL, '', '', NULL, NULL, 'Permanent', 'BZBPG0784N', '', '2355 0330 2459', '', NULL, '', NULL, '2017-05-15', NULL, NULL, NULL, 'M', NULL, NULL, NULL, '', 1, '2017-07-10 05:24:27', '2017-08-16 23:53:20', '', '', '', '', ''),
(751, 'rec0171', '', 'P BEERSHEBA', '', 'P BEERSHEBA', '1', '3', 'Assistant Professor', 'M.TECH', 'shebapolimetla.cse@raghuenggcollege.in', '8500066706', NULL, '', '', NULL, NULL, 'Permanent', 'BLWPP4139D', '', '8843 4860 2943', '', NULL, '', NULL, '2017-05-15', NULL, NULL, NULL, 'M', NULL, NULL, NULL, '', 1, '2017-07-10 05:24:27', '2017-08-16 23:53:20', '', '', '', '', ''),
(752, 'rec0172', '', 'T. SATYANARAYANA', '', 'T. SATYANARAYAN', '1', '7', 'Assistant Professor', 'M.Tech (Ph.D)', 'rec0172@raghuengg.in', '8512017988', NULL, '', '', NULL, NULL, 'Permanent', 'AKPPT0713N', '', '5200 3635 7078', '', NULL, '', NULL, '2017-05-22', NULL, NULL, NULL, 'M', NULL, NULL, NULL, '', 1, '2017-07-10 05:24:27', '2017-08-16 23:53:20', '', '', '', '', ''),
(753, 'rec0173', 'Dr.', 'SRINIVAS', 'B', 'Dr. B SRINIVAS', '1', '5', 'Professor', 'M.TECH', 'srinivasb.ece@raghuenggcollege.in', '7901084088', NULL, '', '', NULL, NULL, 'Permanent', 'AGMBP0697A', '', '9370 6618 2883', '', NULL, '', NULL, '2017-05-25', NULL, NULL, NULL, 'M', NULL, NULL, NULL, '', 1, '2017-07-10 05:24:27', '2017-08-31 01:54:10', '', '', '', '', ''),
(754, 'rec0174', '', 'P.V.V. RAJAGOPAL', '', 'P.V.V. RAJAGOPA', '1', '7', 'Assistant Professor', 'M.Tech (Ph.D)', 'gopal.eee@raghuenggcollege.in', '9494107322', NULL, '', '', NULL, NULL, 'Permanent', 'CKNPP4472J', '', '6477 1629 1821', '', NULL, '', NULL, '2017-05-26', NULL, NULL, NULL, 'M', NULL, NULL, NULL, '', 1, '2017-07-10 05:24:27', '2017-08-16 23:53:20', '', '', '', '', ''),
(755, 'rec0175', '', 'Dr. R VAIKUNTA RAO', '', 'Dr. R VAIKUNTA ', '1', '9', 'Professor', 'M.Tech., Ph.D', 'vaikuntarao.mech@raghuenggcollege.in', '9493434508', NULL, '', '', NULL, NULL, 'Permanent', 'AIZPR5308K', '', '4357 1364 5201', '', NULL, '', NULL, '2017-06-01', NULL, NULL, NULL, 'M', NULL, NULL, NULL, 'hod', 1, '2017-07-10 05:24:27', '2017-07-28 03:21:05', '', '', '', '', ''),
(756, 'rec0176', '', 'JASMINE VINCENT', '', 'JASMINE VINCENT', '1', '1', 'Assistant Professor', 'M.TECH.', 'rec0176@raghuengg.in', '8106669180', 'rec0176_dp.jpg', '', '', NULL, NULL, 'Permanent', 'AOLPJ3887M', '', '5953 9735 4997', '', NULL, '', NULL, '2017-06-05', NULL, NULL, NULL, 'F', NULL, NULL, NULL, '', 1, '2017-07-10 05:24:27', '2017-09-07 08:34:13', '', '', '', '', ''),
(757, 'rec0177', '', 'SAI SRIKANTH', '', 'SAI SRIKANTH', '1', '9', 'Professor', 'M.TECH., Ph.D', 'srikanth.mech@raghuenggcollege.in', '9848418725', NULL, '', '', NULL, NULL, 'Permanent', 'AEHPV7065F', '', '3702 2168 5585', '', NULL, '', NULL, '2017-06-07', NULL, NULL, NULL, 'M', NULL, NULL, NULL, '', 1, '2017-07-10 05:24:27', '2017-07-28 03:21:05', '', '', '', '', ''),
(758, 'rec0178', '', 'J RAMESH NAIDU', '', 'J RAMESH NAIDU', '1', '9', 'Assistant Professor', 'M.TECH', 'ramesh.mech@raghuinstech.com', '9666444838', NULL, '', '', NULL, NULL, 'Permanent', 'AIGPJ6889E', '', '3687 7388 9012', '', NULL, '', NULL, '2017-06-07', NULL, NULL, NULL, 'M', NULL, NULL, NULL, '', 1, '2017-07-10 05:24:27', '2017-08-16 23:53:20', '', '', '', '', ''),
(759, 'rec0179', '', 'D UMA SANKAR', '', 'D UMA SANKAR', '1', '11', 'Assistant Professor', 'M.A', 'rec0179@raghuengg.inm', '9849715162', NULL, '', '', NULL, NULL, 'Permanent', 'ANWPD7128A', '', '5339 4165 2838', '', NULL, '', NULL, '2017-06-08', NULL, NULL, NULL, 'M', NULL, NULL, NULL, '', 1, '2017-07-10 05:24:27', '2017-08-16 23:53:20', '', '', '', '', ''),
(760, 'rec0180', '', 'D MOUNIKA', '', 'D MOUNIKA', '1', '5', 'Assistant Professor', 'M.TECH', 'rec0180@raghuengg.in', '8639361278', NULL, '', '', NULL, NULL, 'Permanent', 'BNQPD6698K', '', '4489 3091 8480', '', NULL, '', NULL, '2017-06-09', NULL, NULL, NULL, 'F', NULL, NULL, NULL, '', 1, '2017-07-10 05:24:27', '2017-09-02 01:05:15', '', '', '', '', ''),
(761, 'rec0181', '', 'C.V.R.PADMAJA', '', 'C.V.R.PADMAJA', '1', '3', 'Associate Professor', 'M.Tech.', 'rec0181@raghuengg.in', '9989346633', NULL, '', '', NULL, NULL, 'Permanent', 'ALHPC0001H', '', '290113842052', '', NULL, '', NULL, '2017-06-12', NULL, NULL, NULL, 'F', NULL, NULL, NULL, '', 0, '2017-07-10 05:24:27', '2017-08-24 02:51:08', '', '', '', '', ''),
(762, 'rec0182', '', 'MUNAGAPATI MURALI', '', 'MUNAGAPATI MURA', '1', '5', 'Professor', 'M.TECH', 'rec0182@raghuengg.inm', '9030313211', NULL, '', '', NULL, NULL, 'Permanent', 'AXVPM6658C', '', '5353 2282 9737', '', NULL, '', NULL, '2017-06-16', NULL, NULL, NULL, 'M', NULL, NULL, NULL, '', 2, '2017-07-10 05:24:27', '2017-09-22 05:20:57', '', '', '', '', ''),
(763, 'rec0183', '', 'R. SUPRIYA', '', 'R. SUPRIYA', '1', '3', 'Assistant Professor', '', 'supriya.cse@raghuenggcollege.in', '9581001216', NULL, '', '', NULL, NULL, 'Permanent', 'BUJPP8577M', '', '863257150345', '', NULL, '', NULL, '2017-06-21', NULL, NULL, NULL, 'F', NULL, NULL, NULL, '', 1, '2017-07-10 05:24:27', '2017-08-16 23:53:20', '', '', '', '', ''),
(764, 'rec0184', '', 'A. Rutwik', '', 'A. Rutwik', '1', '5', 'Assistant Professor', '', 'rec0184@raghuengg.in', '7569695170', NULL, '', '', NULL, NULL, 'Permanent', 'CEOPE1741N', '', '432219942050', '', NULL, '', NULL, '2017-06-22', NULL, NULL, NULL, 'M', NULL, NULL, NULL, '', 1, '2017-07-10 05:24:27', '2017-08-16 23:53:20', '', '', '', '', ''),
(765, 'rec0185', '', 'G. SANTOSH KUMAR VARMA', '', 'G. SANTOSH KUMA', '1', '5', 'Assistant Professor', '', 'rec0185@raghuengg.in', '8179575475', NULL, '', '', NULL, NULL, 'Permanent', 'AWOPG4855B', '', '363402029705', '', NULL, '', NULL, '2017-06-27', NULL, NULL, NULL, 'M', NULL, NULL, NULL, '', 1, '2017-07-10 05:24:27', '2017-08-16 23:53:20', '', '', '', '', ''),
(766, 'rec0186', '', 'G. SAROJA', '', 'G. SAROJA', '1', '5', 'Assistant Professor', '', 'rec0186@raghuengg.in', '8985442583', NULL, '', '', NULL, NULL, 'Permanent', 'BPPPG0292F', '', '719877260825', '', NULL, '', NULL, '2017-06-28', NULL, NULL, NULL, 'F', NULL, NULL, NULL, '', 1, '2017-07-10 05:24:27', '2017-08-16 23:53:20', '', '', '', '', ''),
(767, 'rec0187', '', 'M. HARISH', '', 'M. HARISH', '1', '5', 'Assistant Professor', '', 'rec0187@raghuengg.in', '8106801082', NULL, '', '', NULL, NULL, 'Permanent', 'CXFPM8996R', '', '814460124235', '', NULL, '', NULL, '2017-06-28', NULL, NULL, NULL, 'M', NULL, NULL, NULL, '', 1, '2017-07-10 05:24:27', '2017-08-16 23:53:20', '', '', '', '', ''),
(768, 'rec0188', '', 'P. TEJASWI', '', 'P. TEJASWI', '1', '5', 'Assistant Professor', '', 'rec0188@raghuengg.in', '8985498548', NULL, '', '', NULL, NULL, 'Permanent', 'AOWPT4702J', '', '551653225379', '', NULL, '', NULL, '2017-06-29', NULL, NULL, NULL, 'F', NULL, NULL, NULL, '', 1, '2017-07-10 05:24:27', '2017-08-16 23:53:20', '', '', '', '', ''),
(769, 'rec0189', '', 'V. MOHANA GANDHI', '', 'V. MOHANA GANDH', '1', '5', 'Assistant Professor', '', 'rec0189@raghuengg.in', '9493009874', NULL, '', '', NULL, NULL, 'Permanent', 'AYIPV9983F', '', '580657895658', '', NULL, '', NULL, '2017-06-29', NULL, NULL, NULL, 'M', NULL, NULL, NULL, '', 1, '2017-07-10 05:24:27', '2017-08-16 23:53:20', '', '', '', '', ''),
(770, 'rec0190', '', 'D. KEERTHI', '', 'D. KEERTHI', '1', '11', 'Assistant Professor', 'MSC', 'rec0190@raghuengg.in', '9573739301', NULL, '', '', NULL, NULL, 'Permanent', 'CHVPD3644K', '', '7423 4551 7676', '', NULL, '', NULL, '2017-07-01', NULL, NULL, NULL, 'F', NULL, NULL, NULL, '', 1, '2017-07-10 05:24:27', '2017-08-16 23:53:20', '', '', '', '', ''),
(771, 'rec0191', '', 'M. ANIL KUMAR', '', 'M. ANIL KUMAR', '1', '11', 'Assistant Professor', 'M.A (LIT)', 'rec0191@raghuengg.in', '9999990191', NULL, '', '', NULL, NULL, 'Permanent', '', '', '', '', NULL, '', NULL, '2017-07-01', NULL, NULL, NULL, 'M', NULL, NULL, NULL, '', 0, '2017-07-10 05:24:27', '2017-08-24 02:49:52', '', '', '', '', ''),
(772, 'rec0192', '', 'M MADHU', '', 'M MADHU', '1', '11', 'Assistant Professor', '', 'rec0192@raghuengg.in', '9999990192', NULL, '', '', NULL, NULL, 'Permanent', '', '', '', '', NULL, '', NULL, '2017-07-01', NULL, NULL, NULL, 'M', NULL, NULL, NULL, '', 1, '2017-07-10 05:24:27', '2017-08-16 23:53:20', '', '', '', '', ''),
(1130, 'rit0026', 'Dr.', 'R Rao', 'C', NULL, '2', '2', 'Professor', 'M.tech., Ph.D.', 'crrao.civil@raghuinstech.com', '9441345650', 'rit0026_dp.jpg', '', '', NULL, NULL, 'Permanent', NULL, '', NULL, '', NULL, '', NULL, '2012-08-01', NULL, NULL, NULL, 'M', NULL, NULL, NULL, '', 1, '2017-07-28 03:20:39', '2017-08-31 02:16:33', '', '', '', '', ''),
(1131, 'rit0038', '', 'P Durga Prasada Rao', '', NULL, '2', '2', 'Professor', 'M.Tech.', 'pdprasada.civil@raghuinstech.com', '9849068657', 'rit0038_dp.jpg', '', '', NULL, NULL, '', NULL, '', NULL, '', NULL, '', NULL, '2014-05-09', NULL, NULL, NULL, 'M', NULL, NULL, NULL, '', 1, '2017-07-28 03:20:39', '2017-08-16 03:29:08', '', '', '', '', ''),
(1132, 'rit0043', '', 'Madimi Samuel', '', NULL, '2', '2', 'Assistant Professor', 'M.Tech.', 'madimisamuel.civil@raghuinstech.com', '7382377433', 'rit0043_dp.jpg', '', '', NULL, NULL, '', NULL, '', NULL, '', NULL, '', NULL, '2014-09-10', NULL, NULL, NULL, 'M', NULL, NULL, NULL, '', 1, '2017-07-28 03:20:39', '2017-08-24 21:38:11', '', '', '', '', ''),
(1133, 'rit0066', '', 'R.Stephen Babu', '', NULL, '2', '2', 'Assistant Professor', 'M.E.', 'stephenbabur.civil@raghuinstech.com', '9849635538', 'rit0066_dp.jpg', '', '', NULL, NULL, '', NULL, '', NULL, '', NULL, '', NULL, '2015-12-01', NULL, NULL, NULL, 'M', NULL, NULL, NULL, '', 1, '2017-07-28 03:20:39', '2017-08-16 03:30:31', '', '', '', '', ''),
(1134, 'rit0075', '', 'K Ramesh Babu', '', NULL, '2', '2', 'Assistant Professor', 'M.Tech.', 'ramesh.civil@raghuinstech.com', '9052857550', 'rit0075_dp.jpg', '', '', NULL, NULL, '', NULL, '', NULL, '', NULL, '', NULL, '2016-06-06', NULL, NULL, NULL, 'M', NULL, NULL, NULL, '', 1, '2017-07-28 03:20:39', '2017-08-16 03:30:47', '', '', '', '', ''),
(1135, 'rit0084', '', 'M Krishna Sumanth', '', NULL, '2', '2', 'Assistant Professor', 'M.Tech.', 'sumanth.civil@raghuinstech.com', '9618604623', 'rit0084_dp.JPG', '', '', NULL, NULL, '', NULL, '', NULL, '', NULL, '', NULL, '2016-11-11', NULL, NULL, NULL, 'M', NULL, NULL, NULL, '', 1, '2017-07-28 03:20:39', '2017-08-16 03:31:05', '', '', '', '', ''),
(1136, 'rit0085', '', 'Behara Sridevi', '', NULL, '2', '2', 'Assistant Professor', 'M.Tech.', 'sridevi.civil@raghuinstech.com', '9494371362', 'rit0085_dp.jpg', '', '', NULL, NULL, '', NULL, '', NULL, '', NULL, '', NULL, '2016-11-14', NULL, NULL, NULL, 'F', NULL, NULL, NULL, '', 1, '2017-07-28 03:20:39', '2017-08-16 03:31:13', '', '', '', '', ''),
(1137, 'rit0089', '', 'N Muralidhar', '', NULL, '2', '2', 'Assistant Professor', 'M.Tech.', 'muralidhar.civil@raghuinstech.com', '7095886688', 'rit0089_dp.jpg', '', '', NULL, NULL, '', NULL, '', NULL, '', NULL, '', NULL, '2017-04-01', NULL, NULL, NULL, 'M', NULL, NULL, NULL, '', 1, '2017-07-28 03:20:39', '2017-08-16 03:31:31', '', '', '', '', ''),
(1138, 'rit0090', '', 'A Sandeep', '', NULL, '2', '2', 'Assistant Professor', 'M.Tech.', 'sandeep.civil@raghuinstech.com', '7013819368', 'rit0090_dp.jpg', '', '', NULL, NULL, '', NULL, '', NULL, '', NULL, '', NULL, '2017-04-01', NULL, NULL, NULL, 'M', NULL, NULL, NULL, '', 0, '2017-07-28 03:20:39', '2017-08-24 03:46:38', '', '', '', '', ''),
(1139, 'rit0098', '', 'P Venkata Surya Madhusudhan', '', NULL, '2', '2', 'Associate Professor', 'M.Tech.', 'madhusudhan.civil@raghuinstech.com', '9491571879', 'rit0098_dp.jpg', '', '', NULL, NULL, '', NULL, '', NULL, '', NULL, '', NULL, '2017-06-01', NULL, NULL, NULL, 'M', NULL, NULL, NULL, 'hod', 1, '2017-07-28 03:20:39', '2017-08-16 03:32:33', '', '', '', '', ''),
(1140, 'rit0110', '', 'C S S Uday Srikanth', '', NULL, '2', '2', 'Assistant Professor', 'M.Tech.', 'srikanth.civil@raghuinstech.com', '7382108685', 'rit0110_dp.jpg', '', '', NULL, NULL, '', NULL, '', NULL, '', NULL, '', NULL, '2017-06-07', NULL, NULL, NULL, 'M', NULL, NULL, NULL, '', 1, '2017-07-28 03:20:39', '2017-08-16 03:33:13', '', '', '', '', ''),
(1141, 'rit0014', '', 'S Radhika', '', NULL, '2', '4', 'Associate Professor', 'M.Tech', 'radhikas.cse@raghuinstech.com', '9949955660', 'rit0014_dp.jpg', '', '', NULL, NULL, '', NULL, '', NULL, '', NULL, '', NULL, '2011-07-11', NULL, NULL, NULL, 'F', NULL, NULL, NULL, '', 1, '2017-07-28 03:20:39', '2017-08-16 03:50:31', '', '', '', '', ''),
(1142, 'rit0019', '', 'M. Purnachandra Rao', '', NULL, '2', '4', 'Associate Professor', 'M.Tech(Ph.D)', 'purnachandraraom.cse@raghuinstech.com', '9533352590', 'rit0019_dp.jpg', '', '', NULL, NULL, '', NULL, '', NULL, '', NULL, '', NULL, '2011-12-21', NULL, NULL, NULL, 'M', NULL, NULL, NULL, '', 1, '2017-07-28 03:20:39', '2017-08-16 03:50:47', '', '', '', '', ''),
(1143, 'rit0027', '', 'V Hemanth Kumar', '', NULL, '2', '4', 'Assistant Professor', 'M.Tech', 'hemanthv.cse@raghuinstech.com', '9703939495', 'rit0027_dp.jpg', '', '', NULL, NULL, '', NULL, '', NULL, '', NULL, '', NULL, '2012-09-04', NULL, NULL, NULL, 'M', NULL, NULL, NULL, '', 1, '2017-07-28 03:20:39', '2017-08-16 03:51:27', '', '', '', '', ''),
(1144, 'rit0028', '', 'Ch Sravani', '', NULL, '2', '4', 'Assistant Professor', 'M.Tech', 'sravanich.cse@raghuinstech.com', '8341153432', 'rit0028_dp.jpg', '', '', NULL, NULL, '', NULL, '', NULL, '', NULL, '', NULL, '2013-01-02', NULL, NULL, NULL, 'F', NULL, NULL, NULL, '', 1, '2017-07-28 03:20:39', '2017-08-16 03:51:45', '', '', '', '', ''),
(1145, 'rit0055', 'Dr.', 'Supriya', 'N', NULL, '2', '4', 'Associate Professor', 'M.Tech., Ph.D.', 'supriyan.cse@raghuinstech.com', '9966850258', 'rit0055_dp.jpg', '', '', NULL, NULL, 'Permanent', NULL, '', NULL, '', NULL, '', NULL, '2015-07-01', NULL, NULL, NULL, 'F', NULL, NULL, NULL, '', 1, '2017-07-28 03:20:39', '2017-08-31 02:08:20', '', '', '', '', ''),
(1146, 'rit0059', '', 'Ch.Narayana Rao', '', NULL, '2', '4', 'Assistant Professor', 'M.Tech', 'narayanaraoch.cse@raghuinstech.com', '9014313893', 'rit0059_dp.jpg', '', '', NULL, NULL, '', NULL, '', NULL, '', NULL, '', NULL, '2015-09-28', NULL, NULL, NULL, 'M', NULL, NULL, NULL, '', 1, '2017-07-28 03:20:39', '2017-08-16 03:52:14', '', '', '', '', ''),
(1147, 'rit0060', '', 'P. Hari Babu', '', NULL, '2', '4', 'Assistant Professor', 'M.Tech', 'haribabup.cse@raghuinstech.com', '9491817245', 'rit0060_dp.jpg', '', '', NULL, NULL, '', NULL, '', NULL, '', NULL, '', NULL, '2015-10-05', NULL, NULL, NULL, 'M', NULL, NULL, NULL, '', 1, '2017-07-28 03:20:39', '2017-08-16 04:02:35', '', '', '', '', ''),
(1148, 'rit0065', '', 'Kavisha Duggal', '', NULL, '2', '4', 'Assistant Professor', 'M.Tech (Ph.D)', 'kavishad.cse@raghuinstech.com', '7387255557', 'rit0065_dp.jpg', '', '', NULL, NULL, '', NULL, '', NULL, '', NULL, '', NULL, '2015-11-30', NULL, NULL, NULL, 'F', NULL, NULL, NULL, '', 1, '2017-07-28 03:20:39', '2017-08-16 04:04:51', '', '', '', '', ''),
(1149, 'rit0072', '', 'V Ramesh Babu', '', NULL, '2', '4', 'Assistant Professor', 'M.Tech', 'ramesh.cse@raghuinstech.com', '9908012353', 'rit0072_dp.jpg', '', '', NULL, NULL, '', NULL, '', NULL, '', NULL, '', NULL, '2016-06-01', NULL, NULL, NULL, 'M', NULL, NULL, NULL, '', 1, '2017-07-28 03:20:39', '2017-08-16 04:05:11', '', '', '', '', ''),
(1150, 'rit0073', '', 'M Satish Kumar', '', NULL, '2', '4', 'Assistant Professor', 'M.Tech (Ph.D)', 'satish.cse@raghuinstech.com', '7893563570', 'rit0073_dp.jpg', '', '', NULL, NULL, '', NULL, '', NULL, '', NULL, '', NULL, '2016-06-01', NULL, NULL, NULL, 'M', NULL, NULL, NULL, '', 1, '2017-07-28 03:20:39', '2017-08-16 04:06:07', '', '', '', '', ''),
(1151, 'rit0079', '', 'P Komal Kumar', '', NULL, '2', '4', 'Assistant Professor', 'M.Tech', 'Komalkumar.cse@raghuinstech.com', '9985412200', 'rit0079_dp.JPG', '', '', NULL, NULL, '', NULL, '', NULL, '', NULL, '', NULL, '2016-09-12', NULL, NULL, NULL, 'M', NULL, NULL, NULL, '', 1, '2017-07-28 03:20:39', '2017-08-16 04:06:40', '', '', '', '', ''),
(1152, 'rit0081', '', 'E Bhaskar Santosh', '', NULL, '2', '4', 'Assistant Professor', 'M.Tech', 'bhaskar.cse@raghuinstech.com', '8801800273', 'rit0081_dp.JPG', '', '', NULL, NULL, '', NULL, '', NULL, '', NULL, '', NULL, '2016-11-02', NULL, NULL, NULL, 'M', NULL, NULL, NULL, '', 1, '2017-07-28 03:20:39', '2017-08-16 04:08:44', '', '', '', '', ''),
(1153, 'rit0086', '', 'T Daniel Prasanth', '', NULL, '2', '4', 'Assistant Professor', 'M.Tech', 'daniel.cse@raghuinstech.com', '7893335501', 'rit0086_dp.jpg', '', '', NULL, NULL, '', NULL, '', NULL, '', NULL, '', NULL, '2016-11-14', NULL, NULL, NULL, 'M', NULL, NULL, NULL, '', 1, '2017-07-28 03:20:39', '2017-08-16 04:19:28', '', '', '', '', ''),
(1154, 'rit0087', '', 'R Krishna Rao', '', NULL, '2', '4', 'Assistant Professor', 'M.Tech', 'krishnarao.cse@raghuinstech.com', '9494239785', 'rit0087_dp.jpg', '', '', NULL, NULL, '', NULL, '', NULL, '', NULL, '', NULL, '2016-11-18', NULL, NULL, NULL, 'M', NULL, NULL, NULL, '', 1, '2017-07-28 03:20:39', '2017-08-16 04:20:10', '', '', '', '', ''),
(1155, 'rit0091', '', 'P Alekhya', '', NULL, '2', '4', 'Assistant Professor', 'M.Tech', 'alekhya.cse@raghuinstech.com', '784255888', 'rit0091_dp.jpg', '', '', NULL, NULL, '', NULL, '', NULL, '', NULL, '', NULL, '2017-04-03', NULL, NULL, NULL, 'F', NULL, NULL, NULL, '', 1, '2017-07-28 03:20:39', '2017-08-16 04:20:29', '', '', '', '', ''),
(1156, 'rit0092', '', 'B Vineela Rani', '', NULL, '2', '4', 'Assistant Professor', 'M.Tech', 'vineelarani.cse@raghuinstech.com', '7674883033', 'rit0092_dp.jpg', '', '', NULL, NULL, '', NULL, '', NULL, '', NULL, '', NULL, '2017-04-06', NULL, NULL, NULL, 'F', NULL, NULL, NULL, '', 1, '2017-07-28 03:20:39', '2017-08-16 04:24:06', '', '', '', '', ''),
(1157, 'rit0093', '', 'E Uma Shankar Rao', '', NULL, '2', '4', 'Assistant Professor', 'M.Tech (Ph.D)', 'umashankar.cse@raghuenggcollege.in', '8885411100', 'rit0093_dp.jpg', '', '', NULL, NULL, '', NULL, '', NULL, '', NULL, '', NULL, '2017-04-07', NULL, NULL, NULL, 'M', NULL, NULL, NULL, '', 1, '2017-07-28 03:20:39', '2017-08-16 04:24:57', '', '', '', '', ''),
(1158, 'rit0094', '', 'M A Srinuvasu', '', NULL, '2', '4', 'Assistant Professor', 'M.Tech, (Ph.D)', 'srinuvasu.cse@raghuenggcollege.in', '9948584951', 'rit0094_dp.jpg', '', '', NULL, NULL, '', NULL, '', NULL, '', NULL, '', NULL, '2017-04-22', NULL, NULL, NULL, 'M', NULL, NULL, NULL, '', 1, '2017-07-28 03:20:39', '2017-08-16 04:25:28', '', '', '', '', ''),
(1159, 'rit0095', '', 'B Kiran Kumar', '', NULL, '2', '4', 'Assistant Professor', 'M.Tech', 'kiran.cse@raghuinstech.com', '9908792124', 'rit0095_dp.jpg', '', '', NULL, NULL, '', NULL, '', NULL, '', NULL, '', NULL, '2017-05-15', NULL, NULL, NULL, 'M', NULL, NULL, NULL, '', 1, '2017-07-28 03:20:39', '2017-08-16 04:25:52', '', '', '', '', ''),
(1160, 'rit0101', '', 'A Koushik', '', NULL, '2', '4', 'Assistant Professor', 'M.Tech., (Ph.D).', 'koushik.cse@raghuinstech.com', '9849298315', 'rit0101_dp.jpg', '', '', NULL, NULL, '', NULL, '', NULL, '', NULL, '', NULL, '2017-06-05', NULL, NULL, NULL, 'M', NULL, NULL, NULL, '', 1, '2017-07-28 03:20:39', '2017-08-16 04:26:08', '', '', '', '', ''),
(1161, 'rit0102', '', 'B Mahesh', '', NULL, '2', '4', 'Assistant Professor', 'M.Tech.', 'mahesh.cse@raghuinstech.com', '9849765054', 'rit0102_dp.jpg', '', '', NULL, NULL, '', NULL, '', NULL, '', NULL, '', NULL, '2017-06-05', NULL, NULL, NULL, 'M', NULL, NULL, NULL, '', 1, '2017-07-28 03:20:39', '2017-08-16 04:26:38', '', '', '', '', ''),
(1162, 'rit0103', 'Dr.', 'Sangeeta', ' Viswanadham', NULL, '2', '4', 'Professor', 'M.Tech., Ph.D', 'sangeeta.cse@raghuinstech.com', '9848430171', 'rit0103_dp.jpg', '', '', NULL, NULL, 'Permanent', NULL, '', NULL, '', NULL, '', NULL, '2017-06-05', NULL, NULL, NULL, 'F', NULL, NULL, NULL, 'hod', 1, '2017-07-28 03:20:39', '2017-08-31 02:06:13', '', '', '', '', ''),
(1163, 'rit0001', 'Dr.', 'S R Chowdary', 'P', NULL, '2', '6', 'Professor', 'M.Tech., Ph.D.', 'psrchowdary@raghuinstech.com', '9985094634', 'rit0001_dp.jpg', '', '', NULL, NULL, 'Permanent', NULL, '', NULL, '', NULL, '', NULL, '2003-09-01', NULL, NULL, NULL, 'M', NULL, NULL, NULL, 'hod', 1, '2017-07-28 03:20:39', '2017-08-31 02:14:16', '', '', '', '', ''),
(1164, 'rit0009', 'Dr.', 'V S S Sameer Chakravarthy', 'V', NULL, '2', '6', 'Associate Professor', 'M.Tech., Ph.D.', 'sameervedula.ece@raghuinstech.com', '9290095731', 'rit0009_dp.jpg', '', '', NULL, NULL, 'Permanent', NULL, '', NULL, '', NULL, '', NULL, '2009-08-03', NULL, NULL, NULL, 'M', NULL, NULL, NULL, '', 1, '2017-07-28 03:20:39', '2017-08-31 02:14:36', '', '', '', '', ''),
(1165, 'rit0012', '', 'B S S V  Ramesh Babu', '', NULL, '2', '6', 'Associate Professor', 'M.Tech., (PhD)', 'rameshbssv.ece@raghuinstech.com', '9959355661', 'rit0012_dp.jpg', '', '', NULL, NULL, '', NULL, '', NULL, '', NULL, '', NULL, '2010-06-21', NULL, NULL, NULL, 'M', NULL, NULL, NULL, '', 1, '2017-07-28 03:20:39', '2017-08-16 04:46:05', '', '', '', '', ''),
(1166, 'rit0020', '', 'G Santosh Kumar', '', NULL, '2', '6', 'Assistant Professor', 'M.Tech.', 'santoshg.ece@raghuinstech.com', '8977785002', 'rit0020_dp.jpg', '', '', NULL, NULL, '', NULL, '', NULL, '', NULL, '', NULL, '2012-01-05', NULL, NULL, NULL, 'M', NULL, NULL, NULL, '', 1, '2017-07-28 03:20:39', '2017-08-16 04:47:14', '', '', '', '', ''),
(1167, 'rit0024', '', 'P V K Durga Prasad', '', NULL, '2', '6', 'Associate Professor', 'M.Tech., (PhD)', 'pvkdp.ritece@raghuinstech.com', '9866879002', 'rit0024_dp.jpg', '', '', NULL, NULL, '', NULL, '', NULL, '', NULL, '', NULL, '2012-07-02', NULL, NULL, NULL, 'M', NULL, NULL, NULL, '', 1, '2017-07-28 03:20:39', '2017-08-16 04:48:12', '', '', '', '', ''),
(1168, 'rit0029', '', 'P Pydi Reddy', '', NULL, '2', '6', 'Assistant Professor', 'M.Tech.', 'ppreddy.ece@raghuinstech.com', '9642531531', 'rit0029_dp.jpg', '', '', NULL, NULL, '', NULL, '', NULL, '', NULL, '', NULL, '2013-01-02', NULL, NULL, NULL, 'M', NULL, NULL, NULL, '', 1, '2017-07-28 03:20:39', '2017-08-16 04:48:38', '', '', '', '', ''),
(1169, 'rit0030', '', 'G.GANESWARA RAO', '', NULL, '2', '6', 'Assistant Professor', 'M.Tech.', 'ganeswararao.ece@raghuinstech.com', '8686664646', 'rit0030_dp.JPG', '', '', NULL, NULL, '', NULL, '', NULL, '', NULL, '', NULL, '2013-01-02', NULL, NULL, NULL, 'M', NULL, NULL, NULL, '', 1, '2017-07-28 03:20:39', '2017-08-16 04:50:12', '', '', '', '', ''),
(1170, 'rit0031', '', 'S Suresh', '', NULL, '2', '6', 'Assistant Professor', 'M.Tech.', 'ssuresh.ece@raghuinstech.com', '9490110189', 'rit0031_dp.jpg', '', '', NULL, NULL, '', NULL, '', NULL, '', NULL, '', NULL, '2013-06-10', NULL, NULL, NULL, 'M', NULL, NULL, NULL, '', 1, '2017-07-28 03:20:39', '2017-08-16 04:51:05', '', '', '', '', ''),
(1171, 'rit0033', '', 'Anil Kumar Patnaik', '', NULL, '2', '6', 'Assistant Professor', 'M.Tech.', 'akpatnaik.ece@raghuinstech.com', '9440737130', 'rit0033_dp.jpg', '', '', NULL, NULL, '', NULL, '', NULL, '', NULL, '', NULL, '2013-06-12', NULL, NULL, NULL, 'M', NULL, NULL, NULL, '', 1, '2017-07-28 03:20:39', '2017-08-16 04:51:31', '', '', '', '', ''),
(1172, 'rit0034', '', 'A Sai Ramya', '', NULL, '2', '6', 'Assistant Professor', 'M.Tech.', 'sairamya.ece@raghuinstech.com', '9989782787', 'rit0034_dp.jpg', '', '', NULL, NULL, '', NULL, '', NULL, '', NULL, '', NULL, '2013-06-13', NULL, NULL, NULL, 'F', NULL, NULL, NULL, '', 1, '2017-07-28 03:20:39', '2017-08-16 04:51:49', '', '', '', '', ''),
(1173, 'rit0035', '', 'M Kalpana', '', NULL, '2', '6', 'Associate Professor', 'M.Tech., (Ph.D)', 'kalpanam.ece@raghuinstech.com', '8790784785', 'rit0035_dp.jpg', '', '', NULL, NULL, '', NULL, '', NULL, '', NULL, '', NULL, '2013-06-13', NULL, NULL, NULL, 'F', NULL, NULL, NULL, '', 1, '2017-07-28 03:20:39', '2017-08-16 06:37:20', '', '', '', '', ''),
(1174, 'rit0047', '', 'A.V.Satya Swathi', '', NULL, '2', '6', 'Assistant Professor', 'M.Tech., (Ph.D)', 'swathiavs.ece@raghuinstech.com', '9052818636', 'rit0047_dp.jpg', '', '', NULL, NULL, '', NULL, '', NULL, '', NULL, '', NULL, '2015-03-02', NULL, NULL, NULL, 'F', NULL, NULL, NULL, '', 1, '2017-07-28 03:20:39', '2017-08-16 06:37:40', '', '', '', '', ''),
(1175, 'rit0048', '', 'A. Sirisha', '', NULL, '2', '6', 'Assistant Professor', 'M.Tech.', 'asirisha.ece@raghuinstech.com', '9573265647', 'rit0048_dp.jpg', '', '', NULL, NULL, '', NULL, '', NULL, '', NULL, '', NULL, '2015-03-02', NULL, NULL, NULL, 'F', NULL, NULL, NULL, '', 1, '2017-07-28 03:20:39', '2017-08-16 06:38:01', '', '', '', '', ''),
(1176, 'rit0049', '', 'Mr.M.Pavan Kumar', '', NULL, '2', '6', 'Assistant Professor', 'M.Tech.', 'pavankumarm.ece@raghuinstech.com', '8500403019', 'rit0049_dp.jpg', '', '', NULL, NULL, '', NULL, '', NULL, '', NULL, '', NULL, '2015-03-02', NULL, NULL, NULL, 'M', NULL, NULL, NULL, '', 1, '2017-07-28 03:20:39', '2017-08-16 06:38:27', '', '', '', '', ''),
(1177, 'rit0056', '', 'K Chandra Sekhar', '', NULL, '2', '6', 'Assistant Professor', 'M.Tech.', 'chanduks.ece@raghuinstech.com', '8125636107', 'rit0056_dp.jpg', '', '', NULL, NULL, '', NULL, '', NULL, '', NULL, '', NULL, '2015-07-01', NULL, NULL, NULL, 'M', NULL, NULL, NULL, '', 1, '2017-07-28 03:20:39', '2017-08-16 06:38:44', '', '', '', '', ''),
(1178, 'rit0071', '', 'K SUNIL', '', NULL, '2', '6', 'Assistant Professor', 'M.Tech.', 'sunil.ece@raghuinstech.com', '9966732321', 'rit0071_dp.JPG', '', '', NULL, NULL, '', NULL, '', NULL, '', NULL, '', NULL, '2016-03-08', NULL, NULL, NULL, 'M', NULL, NULL, NULL, '', 1, '2017-07-28 03:20:39', '2017-08-16 06:39:02', '', '', '', '', ''),
(1179, 'rit0097', '', 'B Surekha', '', NULL, '2', '6', 'Assistant Professor', 'M.Tech.', 'surekha.ece@raghuinstech.com', '9295709639', 'rit0097_dp.jpg', '', '', NULL, NULL, '', NULL, '', NULL, '', NULL, '', NULL, '2017-05-22', NULL, NULL, NULL, 'F', NULL, NULL, NULL, '', 1, '2017-07-28 03:20:39', '2017-08-16 06:39:31', '', '', '', '', ''),
(1180, 'rit0099', '', 'V K Kiran', '', NULL, '2', '6', 'Assistant Professor', 'M.Tech.', 'kiran.ece@raghuinstech.com', '9666196827', 'rit0099_dp.jpg', '', '', NULL, NULL, '', NULL, '', NULL, '', NULL, '', NULL, '2017-06-01', NULL, NULL, NULL, 'M', NULL, NULL, NULL, '', 1, '2017-07-28 03:20:39', '2017-08-16 06:39:59', '', '', '', '', ''),
(1181, 'rit0108', '', 'B Priyanka', '', NULL, '2', '6', 'Assistant Professor', 'M.Tech.', 'priyanka.ece@raghuinstech.com', '8142421361', 'rit0108_dp.jpg', '', '', NULL, NULL, '', NULL, '', NULL, '', NULL, '', NULL, '2017-06-06', NULL, NULL, NULL, 'F', NULL, NULL, NULL, '', 1, '2017-07-28 03:20:39', '2017-08-16 06:40:16', '', '', '', '', ''),
(1182, 'rit0109', '', 'Ch Chinnammalu', '', NULL, '2', '6', 'Assistant Professor', 'M.Tech.', 'chinnammalu.ece@raghuinstech.com', '7780307757', 'rit0109_dp.jpg', '', '', NULL, NULL, '', NULL, '', NULL, '', NULL, '', NULL, '2017-06-06', NULL, NULL, NULL, 'F', NULL, NULL, NULL, '', 1, '2017-07-28 03:20:39', '2017-08-16 06:40:41', '', '', '', '', ''),
(1183, 'rit0111', '', 'K Roopa', '', NULL, '2', '6', 'Assistant Professor', 'M.Tech.', 'roopa.ece@raghuinstech.com', '8331966411', 'rit0111_dp.jpg', '', '', NULL, NULL, '', NULL, '', NULL, '', NULL, '', NULL, '2017-06-09', NULL, NULL, NULL, 'F', NULL, NULL, NULL, '', 1, '2017-07-28 03:20:39', '2017-08-16 06:40:55', '', '', '', '', ''),
(1184, 'rit0112', '', 'P Kusuma Vani', '', NULL, '2', '6', 'Assistant Professor', 'M.Tech.', 'kusumavai.ece@raghuinstech.com', '9989800524', 'rit0112_dp.jpg', '', '', NULL, NULL, '', NULL, '', NULL, '', NULL, '', NULL, '2017-06-12', NULL, NULL, NULL, 'F', NULL, NULL, NULL, '', 1, '2017-07-28 03:20:39', '2017-08-16 06:41:14', '', '', '', '', ''),
(1185, 'rit0114', '', 'Mrs. Sushmi Naidu', '', NULL, '2', '6', 'Assistant Professor', 'M.Tech.', 'sushmi.ece@raghuinstech.com', '8763041768', 'rit0114_dp.jpg', '', '', NULL, NULL, '', NULL, '', NULL, '', NULL, '', NULL, '2017-06-16', NULL, NULL, NULL, 'F', NULL, NULL, NULL, '', 1, '2017-07-28 03:20:39', '2017-08-16 06:41:40', '', '', '', '', ''),
(1186, 'rit0115', '', 'Akash Kumar Gupta', '', NULL, '2', '6', 'Assistant Professor', 'M.Tech.', 'gupta.ece@raghuinstech.com', '9490112550', 'rit0115_dp.jpg', '', '', NULL, NULL, '', NULL, '', NULL, '', NULL, '', NULL, '2017-06-19', NULL, NULL, NULL, 'M', NULL, NULL, NULL, '', 1, '2017-07-28 03:20:39', '2017-08-16 06:42:16', '', '', '', '', ''),
(1187, 'rit0116', '', 'M Divya', '', NULL, '2', '6', 'Assistant Professor', 'M.Tech.', 'divya.ece@raghuinstech.com', '9177380653', 'rit0116_dp.jpg', '', '', NULL, NULL, '', NULL, '', NULL, '', NULL, '', NULL, '2017-06-19', NULL, NULL, NULL, 'F', NULL, NULL, NULL, '', 1, '2017-07-28 03:20:39', '2017-08-16 06:43:29', '', '', '', '', ''),
(1188, 'rit0117', '', 'A Sridhar', '', NULL, '2', '6', 'Assistant Professor', 'M.Tech.', 'sridhar.ece@raghuinstech.com', '9703550747', 'rit0117_dp.jpg', '', '', NULL, NULL, '', NULL, '', NULL, '', NULL, '', NULL, '2017-06-21', NULL, NULL, NULL, 'M', NULL, NULL, NULL, '', 1, '2017-07-28 03:20:39', '2017-08-16 06:43:46', '', '', '', '', ''),
(1189, 'rit0119', '', 'M S Raju', '', NULL, '2', '6', 'Assistant Professor', 'M.Tech.', 'raju.ece@raghuinstech.com', '9912752050', 'rit0119_dp.jpg', '', '', NULL, NULL, '', NULL, '', NULL, '', NULL, '', NULL, '2017-07-03', NULL, NULL, NULL, 'M', NULL, NULL, NULL, '', 1, '2017-07-28 03:20:39', '2017-08-16 06:50:40', '', '', '', '', ''),
(1190, 'rit0032', '', 'U Subha', '', NULL, '2', '8', 'Assistant Professor', 'M.E.', 'subha.eee@raghuenggcollege.in', '9885892162', 'rit0032_dp.jpg', '', '', NULL, NULL, '', NULL, '', NULL, '', NULL, '', NULL, '2013-06-10', NULL, NULL, NULL, 'F', NULL, NULL, NULL, '', 1, '2017-07-28 03:20:39', '2017-08-16 06:52:22', '', '', '', '', ''),
(1191, 'rit0039', '', 'G S N M Venkatesh', '', NULL, '2', '8', 'Assistant Professor', 'M.Tech', 'venkateshgsnm.eee@raghuinstech.com', '9491224406', 'rit0039_dp.jpg', '', '', NULL, NULL, '', NULL, '', NULL, '', NULL, '', NULL, '2014-06-17', NULL, NULL, NULL, 'M', NULL, NULL, NULL, '', 1, '2017-07-28 03:20:39', '2017-08-16 06:52:50', '', '', '', '', ''),
(1192, 'rit0040', '', 'P Kiran Kumar', '', NULL, '2', '8', 'Assistant Professor', 'M.Tech', 'kirankumarp.eee@raghuinstech.com', '8985402204', 'rit0040_dp.jpg', '', '', NULL, NULL, '', NULL, '', NULL, '', NULL, '', NULL, '2014-06-24', NULL, NULL, NULL, 'M', NULL, NULL, NULL, '', 1, '2017-07-28 03:20:39', '2017-08-16 06:53:13', '', '', '', '', ''),
(1193, 'rit0046', '', 'K Siva Shankar', '', NULL, '2', '8', 'Assistant Professor', 'M.Tech', 'sivashankark.eee@raghuinstech.com', '9652695134', 'rit0046_dp.jpg', '', '', NULL, NULL, '', NULL, '', NULL, '', NULL, '', NULL, '2015-01-22', NULL, NULL, NULL, 'M', NULL, NULL, NULL, '', 1, '2017-07-28 03:20:39', '2017-08-16 06:53:39', '', '', '', '', ''),
(1194, 'rit0057', '', 'M S R A P Mallap', '', NULL, '2', '8', 'Assistant Professor', 'M.Tech', 'msrapmallap.eee@raghuinstech.com', '9492100480', 'rit0057_dp.jpg', '', '', NULL, NULL, '', NULL, '', NULL, '', NULL, '', NULL, '2015-07-01', NULL, NULL, NULL, 'M', NULL, NULL, NULL, '', 1, '2017-07-28 03:20:39', '2017-08-16 06:54:02', '', '', '', '', ''),
(1195, 'rit0061', '', 'T.Santosh Kumar', '', NULL, '2', '8', 'Assistant Professor', 'M.Tech', 'santoshkumart.eee@raghuinstech.com', '9441159464', 'rit0061_dp.jpg', '', '', NULL, NULL, '', NULL, '', NULL, '', NULL, '', NULL, '2015-10-12', NULL, NULL, NULL, 'M', NULL, NULL, NULL, '', 1, '2017-07-28 03:20:39', '2017-08-16 06:54:26', '', '', '', '', ''),
(1196, 'rit0062', '', 'K Bapuji', '', NULL, '2', '8', 'Assistant Professor', 'M.Tech (IIT)', 'bapuji.eee@raghuinstech.com', '9704309100', 'rit0062_dp.jpg', '', '', NULL, NULL, '', NULL, '', NULL, '', NULL, '', NULL, '2015-10-27', NULL, NULL, NULL, 'M', NULL, NULL, NULL, '', 1, '2017-07-28 03:20:39', '2017-08-16 06:54:40', '', '', '', '', ''),
(1197, 'rit0082', 'Dr.', 'Joga Rao', 'G', NULL, '2', '8', 'Associate Professor', 'Ph.D.', 'jogarao.eee@raghuinstech.com', '9441217216', 'rit0082_dp.JPG', '', '', NULL, NULL, 'Permanent', NULL, '', NULL, '', NULL, '', NULL, '2016-11-04', NULL, NULL, NULL, 'M', NULL, NULL, NULL, 'hod', 1, '2017-07-28 03:20:39', '2017-09-11 23:38:46', '', '', '', '', ''),
(1198, 'rit0088', '', 'Dr. S Satyanarayana', '', NULL, '2', '8', 'Professor', 'M.E, Ph.D', 'satyanarayana.eee@raghuinstech.com', '9515128093', 'rit0088_dp.jpg', '', '', NULL, NULL, '', NULL, '', NULL, '', NULL, '', NULL, '2017-02-09', NULL, NULL, NULL, 'M', NULL, NULL, NULL, '', 0, '2017-07-28 03:20:39', '2017-09-02 00:59:28', '', '', '', '', ''),
(1199, 'rit0104', '', 'D Chiranjeevi', '', NULL, '2', '8', 'Assistant Professor', 'M.Tech.', 'chiru.eee@raghuinstech.com', '9966169645', 'rit0104_dp.jpg', '', '', NULL, NULL, '', NULL, '', NULL, '', NULL, '', NULL, '2017-06-05', NULL, NULL, NULL, 'M', NULL, NULL, NULL, '', 1, '2017-07-28 03:20:39', '2017-08-16 06:55:36', '', '', '', '', ''),
(1200, 'rit0113', '', 'G Satish', '', NULL, '2', '8', 'Assistant Professor', 'M.Tech.', 'satish.eee@raghuinstech.com', '8977648468', 'rit0113_dp.jpg', '', '', NULL, NULL, '', NULL, '', NULL, '', NULL, '', NULL, '2017-06-15', NULL, NULL, NULL, 'M', NULL, NULL, NULL, '', 1, '2017-07-28 03:20:39', '2017-08-16 06:56:26', '', '', '', '', ''),
(1201, 'rit0011', '', 'Dr.P Vijaya Kumar', '', NULL, '2', '10', 'Professor', 'M.E., Ph.D.', 'vijay.mech@raghuinstech.com', '8897879899', 'rit0011_dp.JPG', '', '', NULL, NULL, '', NULL, '', NULL, '', NULL, '', NULL, '2009-11-15', NULL, NULL, NULL, 'M', NULL, NULL, NULL, 'hod', 1, '2017-07-28 03:20:39', '2017-08-16 07:04:21', '', '', '', '', ''),
(1202, 'rit0018', '', 'P. Srinivasa Rao', '', NULL, '2', '10', 'Associate Professor', 'M.E.', 'pvasu.mech@raghuinstech.com', '8374841460', 'rit0018_dp.jpg', '', '', NULL, NULL, '', NULL, '', NULL, '', NULL, '', NULL, '2011-12-19', NULL, NULL, NULL, 'M', NULL, NULL, NULL, '', 1, '2017-07-28 03:20:39', '2017-08-16 07:04:51', '', '', '', '', ''),
(1203, 'rit0023', '', 'P Rajesh Kumar', '', NULL, '2', '10', 'Assistant Professor', 'M.Tech', 'rajeshkumar.mech@raghuinstech.com', '9966637009', 'rit0023_dp.jpg', '', '', NULL, NULL, '', NULL, '', NULL, '', NULL, '', NULL, '2012-06-16', NULL, NULL, NULL, 'M', NULL, NULL, NULL, '', 1, '2017-07-28 03:20:39', '2017-08-16 07:05:24', '', '', '', '', ''),
(1204, 'rit0025', 'Dr.', 'Naga Bhushana Rao', 'V', NULL, '2', '10', 'Professor', 'M.E., Ph.D.', 'nagabhushanarao.mech@raghuistech.com', '9177147058', 'rit0025_dp.jpg', '', '', NULL, NULL, '', NULL, '', NULL, '', NULL, '', NULL, '2012-07-13', NULL, NULL, NULL, 'M', NULL, NULL, NULL, '', 1, '2017-07-28 03:20:39', '2017-08-31 02:12:20', '', '', '', '', '');
INSERT INTO `staff` (`id`, `reg_no`, `title`, `firstname`, `lastname`, `dispname`, `college`, `department`, `designation`, `qualification`, `email`, `mobile`, `dp`, `father_name`, `mother_name`, `present_address`, `permanent_address`, `employment_type`, `pan`, `pan_file`, `aadhar`, `aadhar_file`, `passport`, `passport_file`, `dateob`, `doj`, `placeob`, `stateob`, `countryob`, `gender`, `nationality`, `religion`, `caste`, `role`, `status`, `created_at`, `updated_at`, `personal_email`, `personal_phone_no`, `spouce_name`, `spouce_age`, `spouce_employment`) VALUES
(1205, 'rit0036', '', 'G Venu Madhav', '', NULL, '2', '10', 'Assistant Professor', 'M.Tech', 'gvenumadhav.mech@raghuinstech.com', '9441361549', 'rit0036_dp.jpg', '', '', NULL, NULL, '', NULL, '', NULL, '', NULL, '', NULL, '2013-12-26', NULL, NULL, NULL, 'M', NULL, NULL, NULL, '', 1, '2017-07-28 03:20:39', '2017-08-16 07:06:10', '', '', '', '', ''),
(1206, 'rit0037', 'Dr.', 'Prabhakar Rao', 'Ch', NULL, '2', '10', 'Principal', 'M.Tech.,Ph.D.', 'ritprincipal.ritmech@raghuinstech.com', '9440738352', 'rit0037_dp.jpg', '', '', NULL, NULL, 'Permanent', NULL, '', NULL, '', NULL, '', NULL, '2014-03-12', NULL, NULL, NULL, 'M', NULL, NULL, NULL, '', 0, '2017-07-28 03:20:39', '2017-08-31 02:09:54', '', '', '', '', ''),
(1207, 'rit0041', '', 'K Swathi', '', NULL, '2', '10', 'Assistant Professor', 'M.Tech', 'swathi.mech@raghuinstech.com', '9581636443', 'rit0041_dp.jpg', '', '', NULL, NULL, '', NULL, '', NULL, '', NULL, '', NULL, '2014-07-28', NULL, NULL, NULL, 'F', NULL, NULL, NULL, '', 0, '2017-07-28 03:20:39', '2017-08-24 03:01:43', '', '', '', '', ''),
(1208, 'rit0042', '', 'P Vijay', '', NULL, '2', '10', 'Assistant Professor', 'M.Tech, (Ph.D.)', 'vijaypendhota.mech@raghuinstech.com', '9703612079', 'rit0042_dp.jpg', '', '', NULL, NULL, '', NULL, '', NULL, '', NULL, '', NULL, '2014-07-28', NULL, NULL, NULL, 'M', NULL, NULL, NULL, '', 1, '2017-07-28 03:20:39', '2017-08-16 07:07:11', '', '', '', '', ''),
(1209, 'rit0051', '', 'K.Suresh Babu', '', NULL, '2', '10', 'Assistant Professor', 'M.Tech', 'ksuresh.mech@raghuinstech.com', '9951309078', 'rit0051_dp.jpg', '', '', NULL, NULL, '', NULL, '', NULL, '', NULL, '', NULL, '2015-05-06', NULL, NULL, NULL, 'M', NULL, NULL, NULL, '', 1, '2017-07-28 03:20:39', '2017-08-16 07:07:31', '', '', '', '', ''),
(1210, 'rit0052', '', 'M.Kishore Kumar', '', NULL, '2', '10', 'Assistant Professor', 'M.E.', 'kishorekumar.mech@raghuinstech.com', '9849173940', 'rit0052_dp.jpg', '', '', NULL, NULL, '', NULL, '', NULL, '', NULL, '', NULL, '2015-05-13', NULL, NULL, NULL, 'M', NULL, NULL, NULL, '', 0, '2017-07-28 03:20:39', '2017-08-28 06:44:46', '', '', '', '', ''),
(1211, 'rit0053', '', 'N.Kishore', '', NULL, '2', '10', 'Assistant Professor', 'M.Tech', 'kishore.mech@raghuinstech.com', '8885248946', 'rit0053_dp.jpg', '', '', NULL, NULL, '', NULL, '', NULL, '', NULL, '', NULL, '2015-06-15', NULL, NULL, NULL, 'M', NULL, NULL, NULL, '', 1, '2017-07-28 03:20:39', '2017-08-16 07:08:24', '', '', '', '', ''),
(1212, 'rit0058', '', 'K.Anusha', '', NULL, '2', '10', 'Assistant Professor', 'M.Tech', 'kanusha.mech@raghuinstech.com', '9703700030', 'rit0058_dp.jpg', '', '', NULL, NULL, '', NULL, '', NULL, '', NULL, '', NULL, '2015-09-14', NULL, NULL, NULL, 'F', NULL, NULL, NULL, '', 1, '2017-07-28 03:20:39', '2017-08-16 07:08:40', '', '', '', '', ''),
(1213, 'rit0068', '', 'G Siva Prasad', '', NULL, '2', '10', 'Assistant Professor', 'M.Tech', 'prasdgs.mech@raghuinstech.com', '9701489984', 'rit0068_dp.JPG', '', '', NULL, NULL, '', NULL, '', NULL, '', NULL, '', NULL, '2015-12-14', NULL, NULL, NULL, 'M', NULL, NULL, NULL, '', 1, '2017-07-28 03:20:39', '2017-08-16 07:09:19', '', '', '', '', ''),
(1214, 'rit0074', '', 'M Sreerama', '', NULL, '2', '10', 'Assistant Professor', 'M.Tech', 'sreeram.mech@raghuinstech.com', '9440550149', 'rit0074_dp.jpg', '', '', NULL, NULL, '', NULL, '', NULL, '', NULL, '', NULL, '2016-06-05', NULL, NULL, NULL, 'M', NULL, NULL, NULL, '', 1, '2017-07-28 03:20:39', '2017-08-16 07:09:56', '', '', '', '', ''),
(1215, 'rit0076', '', 'B Venu', '', NULL, '2', '10', 'Assistant Professor', 'M.E.', 'venub.mech@raghuinstech.com', '9441227862', 'rit0076_dp.jpg', '', '', NULL, NULL, '', NULL, '', NULL, '', NULL, '', NULL, '2016-06-08', NULL, NULL, NULL, 'M', NULL, NULL, NULL, '', 1, '2017-07-28 03:20:39', '2017-08-16 07:10:28', '', '', '', '', ''),
(1216, 'rit0077', '', 'S Yogitha', '', NULL, '2', '10', 'Assistant Professor', 'M.Tech', 'yogitha.mech@raghuinstech.com', '8106036345', 'rit0077_dp.jpg', '', '', NULL, NULL, '', NULL, '', NULL, '', NULL, '', NULL, '2016-06-09', NULL, NULL, NULL, 'F', NULL, NULL, NULL, '', 1, '2017-07-28 03:20:39', '2017-08-16 07:10:43', '', '', '', '', ''),
(1217, 'rit0078', '', 'I Mohan rao', '', NULL, '2', '10', 'Assistant Professor', 'M.Tech', 'mohanrao.mech@raghuinstech.com', '9937693193', 'rit0078_dp.jpg', '', '', NULL, NULL, '', NULL, '', NULL, '', NULL, '', NULL, '2016-06-16', NULL, NULL, NULL, 'M', NULL, NULL, NULL, '', 1, '2017-07-28 03:20:39', '2017-08-16 07:11:08', '', '', '', '', ''),
(1218, 'rit0096', 'Dr.', 'V V Ramana Murthy', 'E', NULL, '2', '10', 'Professor', 'M.Tech.,Ph.D', 'ramanamurthy.mech@raghuinstech.com', '90003297121', 'rit0096_dp.jpg', '', '', NULL, NULL, 'Permanent', NULL, '', NULL, '', NULL, '', NULL, '2017-05-15', NULL, NULL, NULL, 'M', NULL, NULL, NULL, '', 1, '2017-07-28 03:20:39', '2017-08-31 02:17:49', '', '', '', '', ''),
(1219, 'rit0100', '', 'T Sridevi', '', NULL, '2', '10', 'Assistant Professor', 'M.Tech', 'sridevi.mech@raghuinstech.com', '9502011445', 'rit0100_dp.jpg', '', '', NULL, NULL, '', NULL, '', NULL, '', NULL, '', NULL, '2017-06-01', NULL, NULL, NULL, 'F', NULL, NULL, NULL, '', 1, '2017-07-28 03:20:39', '2017-08-16 07:12:47', '', '', '', '', ''),
(1220, 'rit0105', '', 'Jagadish K E', '', NULL, '2', '10', 'Assistant Professor', 'M.E.', 'jagadish.mech@raghuinstech.com', '9848222868', 'rit0105_dp.jpg', '', '', NULL, NULL, '', NULL, '', NULL, '', NULL, '', NULL, '2017-06-05', NULL, NULL, NULL, 'M', NULL, NULL, NULL, '', 1, '2017-07-28 03:20:39', '2017-08-16 07:13:25', '', '', '', '', ''),
(1221, 'rit0106', '', 'Ramki Alamanda', '', NULL, '2', '10', 'Assistant Professor', 'M.Tech., (Ph.D).', 'ramki.mech@raghuinstech.com', '9440944795', 'rit0106_dp.jpg', '', '', NULL, NULL, '', NULL, '', NULL, '', NULL, '', NULL, '2017-06-05', NULL, NULL, NULL, 'M', NULL, NULL, NULL, '', 1, '2017-07-28 03:20:39', '2017-08-16 07:14:38', '', '', '', '', ''),
(1222, 'rit0107', '', 'S Hemalatha', '', NULL, '2', '10', 'Associate Professor', 'M.E., (Ph.D)', 'hemalatha.mech@raghuinstech.com', '7285907861', 'rit0107_dp.jpg', '', '', NULL, NULL, '', NULL, '', NULL, '', NULL, '', NULL, '2017-06-05', NULL, NULL, NULL, 'F', NULL, NULL, NULL, '', 1, '2017-07-28 03:20:39', '2017-08-16 07:15:05', '', '', '', '', ''),
(1223, 'rit0002', '', 'S Pydi Naidu', '', NULL, '2', '12', 'Librarian', 'M.A.,MLiSc', 'pydinaidus.sh@raghuinstech.com', '9292252228', NULL, '', '', NULL, NULL, '', NULL, '', NULL, '', NULL, '', NULL, '2007-11-17', NULL, NULL, NULL, 'M', NULL, NULL, NULL, '', 1, '2017-07-28 03:20:39', '2017-07-28 03:21:05', '', '', '', '', ''),
(1224, 'rit0003', '', 'Y Appa Rao', '', NULL, '2', '12', 'Assistant Professor', 'M.A., MLISC', 'apparaoy.sh@raghuinstech.com', '9491729566', NULL, '', '', NULL, NULL, '', NULL, '', NULL, '', NULL, '', NULL, '2008-04-01', NULL, NULL, NULL, 'M', NULL, NULL, NULL, '', 1, '2017-07-28 03:20:39', '2017-07-28 03:21:05', '', '', '', '', ''),
(1225, 'rit0004', 'Dr.', 'Srinivasa Rao', 'A', NULL, '2', '12', 'Associate Professor', 'M.Sc., M.Phil., Ph.D.', 'srinivasaa.sh@raghuinstech.com', '9989847109', NULL, '', '', NULL, NULL, 'Permanent', NULL, '', NULL, '', NULL, '', NULL, '2008-07-01', NULL, NULL, NULL, 'M', NULL, NULL, NULL, 'hod', 1, '2017-07-28 03:20:39', '2017-08-31 02:19:49', '', '', '', '', ''),
(1226, 'rit0005', '', 'M Yerukunaidu', '', NULL, '2', '12', 'Assistant Professor', 'M.Sc, B.Ed', 'yerukunaidum.sh@raghuinstech.com', '9490731675', NULL, '', '', NULL, NULL, '', NULL, '', NULL, '', NULL, '', NULL, '2008-08-01', NULL, NULL, NULL, 'M', NULL, NULL, NULL, '', 1, '2017-07-28 03:20:39', '2017-07-28 03:21:05', '', '', '', '', ''),
(1227, 'rit0006', 'Dr.', 'V Satya Narayana', 'G', NULL, '2', '12', 'Professor', 'M.Tech, Ph.D.', 'gvssatya@raghuinstech.com', '9440566357', NULL, '', '', NULL, NULL, 'Permanent', NULL, '', NULL, '', NULL, '', NULL, '2008-08-26', NULL, NULL, NULL, 'M', NULL, NULL, NULL, '', 1, '2017-07-28 03:20:39', '2017-08-31 02:17:07', '', '', '', '', ''),
(1228, 'rit0007', '', 'M Naresh Kumar', '', NULL, '2', '12', 'Assistant Professor', 'M.Sc. (Ph.D)', 'nareshkumarm.sh@raghuinstech.com', '9492618160', NULL, '', '', NULL, NULL, '', NULL, '', NULL, '', NULL, '', NULL, '2008-08-27', NULL, NULL, NULL, 'M', NULL, NULL, NULL, '', 1, '2017-07-28 03:20:39', '2017-07-28 03:21:05', '', '', '', '', ''),
(1229, 'rit0008', '', 'T V V K Prasad', '', NULL, '2', '12', 'Physical Director', 'M.A.,M.P.Ed.,M.Phil,(Ph.D)', 'prasadtvvk.hs@raghuinstech.com', '9966308448', NULL, '', '', NULL, NULL, '', NULL, '', NULL, '', NULL, '', NULL, '2008-09-24', NULL, NULL, NULL, 'M', NULL, NULL, NULL, '', 0, '2017-07-28 03:20:39', '2017-08-29 04:52:22', '', '', '', '', ''),
(1230, 'rit0010', 'Dr.', 'A V Ramana Murthy', 'G', NULL, '2', '12', 'Professor', 'M.Sc., M.Phil, Ph.D.', 'murthygavr.sh@raghuinstech.com', '9440367547', NULL, '', '', NULL, NULL, 'Permanent', NULL, '', NULL, '', NULL, '', NULL, '2009-08-03', NULL, NULL, NULL, 'M', NULL, NULL, NULL, '', 0, '2017-07-28 03:20:39', '2017-08-31 02:13:17', '', '', '', '', ''),
(1231, 'rit0013', '', 'M N Srinivas', '', NULL, '2', '12', 'Assistant Professor', 'B.P.Ed', 'srinivasmn.sh@raghuinstech.com', '9705954123', NULL, '', '', NULL, NULL, '', NULL, '', NULL, '', NULL, '', NULL, '2010-12-30', NULL, NULL, NULL, 'M', NULL, NULL, NULL, '', 0, '2017-07-28 03:20:39', '2017-08-29 04:54:14', '', '', '', '', ''),
(1232, 'rit0015', '', 'M. Krishna', '', NULL, '2', '12', 'Associate Professor', 'M.Sc., B.Ed(Ph.D)', 'krishnam.sh@raghuinstech.com', '9492736028', 'rit0015_dp.jpg', '', '', NULL, NULL, '', NULL, '', NULL, '', NULL, '', NULL, '2011-08-08', NULL, NULL, NULL, 'M', NULL, NULL, NULL, '', 1, '2017-07-28 03:20:39', '2017-08-24 22:30:13', '', '', '', '', ''),
(1233, 'rit0016', '', 'D Surya Nagamani', '', NULL, '2', '12', 'Assistant Professor', 'M.B.A.', 'suryanagamanid.sh@raghuinstech.com', '8985916833', NULL, '', '', NULL, NULL, '', NULL, '', NULL, '', NULL, '', NULL, '2011-08-10', NULL, NULL, NULL, 'F', NULL, NULL, NULL, '', 1, '2017-07-28 03:20:39', '2017-07-28 03:21:05', '', '', '', '', ''),
(1234, 'rit0017', '', 'Badiya Jogarao', '', NULL, '2', '12', 'Associate Professor', 'M.Sc, M.Phil (Ph.D), APSET', 'badiyajogarao.sh@raghuinstech.com', '9052858156', 'rit0017_dp.jpg', '', '', NULL, NULL, '', NULL, '', NULL, '', NULL, '', NULL, '2011-09-02', NULL, NULL, NULL, 'M', NULL, NULL, NULL, '', 1, '2017-07-28 03:20:39', '2017-09-07 03:31:17', '', '', '', '', ''),
(1235, 'rit0021', '', 'D Suman', '', NULL, '2', '12', 'Associate Professor', 'M.Sc., M.Phil', 'sumand.hs@raghuinstech.com', '9490066378', NULL, '', '', NULL, NULL, '', NULL, '', NULL, '', NULL, '', NULL, '2012-02-06', NULL, NULL, NULL, 'M', NULL, NULL, NULL, '', 1, '2017-07-28 03:20:39', '2017-07-28 03:21:05', '', '', '', '', ''),
(1236, 'rit0022', 'Dr.', 'Naga Durgamamba', 'A', NULL, '2', '12', 'Associate Professor', 'M.Sc. (Stat), M.Sc. (Mat), BMA, (Ph.D.)', 'nagadurgamamba.sh@raghuinstech.com', '9494176016', NULL, '', '', NULL, NULL, 'Permanent', NULL, '', NULL, '', NULL, '', NULL, '2012-06-14', NULL, NULL, NULL, 'F', NULL, NULL, NULL, '', 1, '2017-07-28 03:20:39', '2017-08-31 02:20:26', '', '', '', '', ''),
(1237, 'rit0044', '', 'Vasundara Dasari', '', NULL, '2', '12', 'Assistant Professor', 'M.Sc., B.Ed.', 'vasundaradasari.sh@raghuinstech.com', '8897651132', NULL, '', '', NULL, NULL, '', NULL, '', NULL, '', NULL, '', NULL, '2014-09-12', NULL, NULL, NULL, 'F', NULL, NULL, NULL, '', 1, '2017-07-28 03:20:39', '2017-07-28 03:21:05', '', '', '', '', ''),
(1238, 'rit0045', '', 'G S S Prasad', '', NULL, '2', '12', 'Assistant Professor', 'M.Sc., (Ph.D.)', 'gssprasad.sh@raghuinstech.com', '8985652576', NULL, '', '', NULL, NULL, '', NULL, '', NULL, '', NULL, '', NULL, '2014-09-22', NULL, NULL, NULL, 'M', NULL, NULL, NULL, '', 1, '2017-07-28 03:20:39', '2017-07-28 03:21:05', '', '', '', '', ''),
(1239, 'rit0050', '', 'V.Vijay Kumar', '', NULL, '2', '12', 'Associate Professor', 'M.A., M.Phil, (Ph.D)', 'vijaykumarv.sh@raghuinstech.com', '9177693809', NULL, '', '', NULL, NULL, '', NULL, '', NULL, '', NULL, '', NULL, '2015-03-16', NULL, NULL, NULL, 'M', NULL, NULL, NULL, '', 1, '2017-07-28 03:20:39', '2017-07-28 03:21:05', '', '', '', '', ''),
(1240, 'rit0054', '', 'M Madhavi', '', NULL, '2', '12', 'Assistant Professor', 'M.A., M.Phill', 'madhavi.sh@raghuinstech.com', '9492023088', NULL, '', '', NULL, NULL, '', NULL, '', NULL, '', NULL, '', NULL, '2015-06-26', NULL, NULL, NULL, 'F', NULL, NULL, NULL, '', 1, '2017-07-28 03:20:39', '2017-07-28 03:21:05', '', '', '', '', ''),
(1241, 'rit0063', 'Dr.', 'Govindh', 'B', NULL, '2', '12', 'Associate Professor', 'M.Sc., Ph.D.', 'govindhb.sh@raghuinstech.com', '9912157785', NULL, '', '', NULL, NULL, 'Permanent', NULL, '', NULL, '', NULL, '', NULL, '2015-11-17', NULL, NULL, NULL, 'M', NULL, NULL, NULL, '', 1, '2017-07-28 03:20:39', '2017-08-31 02:22:45', '', '', '', '', ''),
(1242, 'rit0064', 'Dr.', 'Swaroopa Rani', 'M', NULL, '2', '12', 'Associate Professor', 'M.A. Ph.D', 'swarooparanim.sh@raghuinstech.com', '9951769288', NULL, '', '', NULL, NULL, 'Permanent', NULL, '', NULL, '', NULL, '', NULL, '2015-11-18', NULL, NULL, NULL, 'F', NULL, NULL, NULL, '', 1, '2017-07-28 03:20:39', '2017-08-31 02:20:58', '', '', '', '', ''),
(1243, 'rit0067', '', 'B Narayana rao', '', NULL, '2', '12', 'Assistant Professor', 'M.Sc', 'narayanarao.sh@raghuinstech.com', '9492542528', NULL, '', '', NULL, NULL, '', NULL, '', NULL, '', NULL, '', NULL, '2015-12-01', NULL, NULL, NULL, 'M', NULL, NULL, NULL, '', 0, '2017-07-28 03:20:39', '2017-08-29 04:53:29', '', '', '', '', ''),
(1244, 'rit0069', '', 'G Tarakesam', '', NULL, '2', '12', 'Assistant Professor', 'M.Sc', 'gunna.tarakesam@raghuinstech.com', '9963858998', NULL, '', '', NULL, NULL, '', NULL, '', NULL, '', NULL, '', NULL, '2015-12-17', NULL, NULL, NULL, 'M', NULL, NULL, NULL, '', 1, '2017-07-28 03:20:39', '2017-07-28 03:21:05', '', '', '', '', ''),
(1245, 'rit0070', '', 'K Sreekanth', '', NULL, '2', '12', 'Assistant Professor', 'M.Sc. M.Phil', 'sreekanth.sh@raghuinstech.com', '9948787248', NULL, '', '', NULL, NULL, '', NULL, '', NULL, '', NULL, '', NULL, '2016-02-01', NULL, NULL, NULL, 'M', NULL, NULL, NULL, '', 1, '2017-07-28 03:20:39', '2017-07-28 03:21:05', '', '', '', '', ''),
(1246, 'rit0080', '', 'K Jyothsna Devi', '', NULL, '2', '12', 'Assistant Professor', 'M.Sc', 'jyothsnadevi.sh@raghuinstech.com', '9490755243', NULL, '', '', NULL, NULL, '', NULL, '', NULL, '', NULL, '', NULL, '2016-09-21', NULL, NULL, NULL, 'F', NULL, NULL, NULL, '', 1, '2017-07-28 03:20:39', '2017-07-28 03:21:05', '', '', '', '', ''),
(1247, 'rit0083', 'Dr.', 'M Narayan Murty', 'M', NULL, '2', '12', 'Professor', 'M.Sc.,Ph.D.', 'mnarayanamurty@raghuinstech.com', '7337247505', NULL, '', '', NULL, NULL, 'Permanent', NULL, '', NULL, '', NULL, '', NULL, '2016-11-04', NULL, NULL, NULL, 'M', NULL, NULL, NULL, '', 1, '2017-07-28 03:20:39', '2017-08-31 02:18:25', '', '', '', '', ''),
(1248, 'rit0118', '', 'L Hari Babu', '', NULL, '2', '12', 'Assistant Professor', 'M.Sc, M.Phil.', 'haribabu.sh@raghuinstech.com', '9177748235', NULL, '', '', NULL, NULL, '', NULL, '', NULL, '', NULL, '', NULL, '2017-06-28', NULL, NULL, NULL, 'M', NULL, NULL, NULL, '', 1, '2017-07-28 03:20:39', '2017-07-28 03:21:05', '', '', '', '', ''),
(1249, 'rit0125', 'Dr.', 'Gopala Rao ', 'Bhagavatula', NULL, '2', '12', 'Professor', 'Ph.D', 'gopalarao.sh@raghuinstech.com', '9490179601', NULL, '', '', NULL, NULL, 'Permanent', NULL, '', NULL, '', NULL, '', NULL, NULL, NULL, NULL, NULL, 'M', NULL, NULL, NULL, '', 1, '2017-08-04 07:03:18', '2017-08-31 02:18:49', '', '', '', '', ''),
(1280, 'rec0193', '', 'K. Sharon Evangeline', '', NULL, '1', '11', 'Assistant Professor', 'M.Sc', 'rit0193', '9492161260', NULL, '', '', NULL, NULL, '', NULL, '', NULL, '', NULL, '', NULL, NULL, NULL, NULL, NULL, NULL, NULL, NULL, NULL, '', 0, '2017-08-04 07:17:33', '2017-09-02 01:05:41', '', '', '', '', ''),
(1281, 'rec0194', '', 'Sambangi Satish ', '', NULL, '1', '5', 'Assistant Professor', 'M.Sc', 'rit0194', '9992668999', NULL, '', '', NULL, NULL, '', NULL, '', NULL, '', NULL, '', NULL, NULL, NULL, NULL, NULL, NULL, NULL, NULL, NULL, '', 2, '2017-08-04 07:17:33', '2017-09-22 05:23:02', '', '', '', '', ''),
(1282, 'rec0195', '', 'P. Yerrayya ', '', NULL, '1', '11', 'Assistant Professor', 'M.Sc', 'rit0195', '7981558541', NULL, '', '', NULL, NULL, '', NULL, '', NULL, '', NULL, '', NULL, NULL, NULL, NULL, NULL, NULL, NULL, NULL, NULL, '', 0, '2017-08-04 07:17:33', '2017-08-18 08:12:41', '', '', '', '', ''),
(1283, 'rec0196', '', 'G. Sushma ', '', NULL, '1', '11', 'Assistant Professor', 'M.Sc', 'rit0196', '9948563473', NULL, '', '', NULL, NULL, '', NULL, '', NULL, '', NULL, '', NULL, NULL, NULL, NULL, NULL, NULL, NULL, NULL, NULL, '', 0, '2017-08-04 07:17:33', '2017-08-18 08:12:45', '', '', '', '', ''),
(1284, 'rec0197', '', 'M Sireesha ', '', NULL, '1', '11', 'Assistant Professor', 'M.Sc', 'rit0197', '9490977422', NULL, '', '', NULL, NULL, '', NULL, '', NULL, '', NULL, '', NULL, NULL, NULL, NULL, NULL, NULL, NULL, NULL, NULL, '', 0, '2017-08-04 07:17:33', '2017-08-18 08:12:49', '', '', '', '', ''),
(1285, 'rec0198', '', 'Yogi Reddy Dondeti ', '', NULL, '1', '3', 'Assistant Professor', 'M.Sc', 'rit0198', '9550706288', NULL, '', '', NULL, NULL, '', NULL, '', NULL, '', NULL, '', NULL, NULL, NULL, NULL, NULL, NULL, NULL, NULL, NULL, '', 1, '2017-08-04 07:17:33', '2017-08-29 21:59:44', '', '', '', '', ''),
(1286, 'rec0199', 'Mr.', 'Rama Krishna ', 'G', NULL, '1', '9', 'Assistant Professor', 'M. Tech. (PhD)', 'rit0199', '9704573888', NULL, '', '', NULL, NULL, '', NULL, '', NULL, '', NULL, '', NULL, NULL, NULL, NULL, NULL, 'M', NULL, NULL, NULL, '', 1, '2017-08-04 07:17:33', '2017-08-22 03:29:35', '', '', '', '', ''),
(1287, 'rec0200', '', 'M. Vinay ', '', NULL, '1', '9', 'Assistant Professor', 'M.Sc', 'rit0200', '8985987532', NULL, '', '', NULL, NULL, '', NULL, '', NULL, '', NULL, '', NULL, NULL, NULL, NULL, NULL, NULL, NULL, NULL, NULL, '', 1, '2017-08-04 07:17:33', '2017-08-18 08:13:01', '', '', '', '', ''),
(1290, 'rec0203', 'Mr.', 'Leela Krishna ', 'Manepalli ', NULL, '1', '7', 'Assistant Professor', 'M. Tech.', 'leelakrishna.eee@raghuenggcollege.in', '9885686559', NULL, '', '', NULL, NULL, 'Probation', NULL, '', NULL, '', NULL, '', NULL, NULL, NULL, NULL, NULL, 'M', NULL, NULL, NULL, '', 1, '2017-08-04 07:17:33', '2017-09-01 00:01:00', '', '', '', '', ''),
(1291, 'rec0204', '', 'M Arjuna Naidu', '', NULL, '1', '11', 'Assistant Professor', 'M.Sc', 'rit0204', '7382482068', NULL, '', '', NULL, NULL, '', NULL, '', NULL, '', NULL, '', NULL, NULL, NULL, NULL, NULL, NULL, NULL, NULL, NULL, '', 0, '2017-08-04 07:17:33', '2017-08-18 08:13:15', '', '', '', '', ''),
(1292, 'rec0205', '', 'B Harika Reddy', '', NULL, '1', '11', 'Assistant Professor', 'M.Sc', 'rit0205', '9703168366', NULL, '', '', NULL, NULL, '', NULL, '', NULL, '', NULL, '', NULL, NULL, NULL, NULL, NULL, NULL, NULL, NULL, NULL, '', 0, '2017-08-04 07:17:33', '2017-08-18 08:13:20', '', '', '', '', ''),
(1294, 'rec0207', '', 'Karaka VVNR Chandramouli ', '', NULL, '1', '3', 'Assistant Professor', 'M.Sc', 'KarakavVNRchandramouli@gmail.com', '9000306391', NULL, '', '', NULL, NULL, '', NULL, '', NULL, '', NULL, '', '0000-00-00', '2017-07-29', NULL, NULL, NULL, NULL, NULL, NULL, NULL, '', 1, '2017-08-04 07:17:33', '2017-08-29 22:00:15', '', '', '', '', ''),
(1295, 'rit0120', 'Mr.', 'K Phaneendra', '', NULL, '2', '6', 'Associate Professor', 'M.Tech., (Ph D)', 'phaneendra.ece@raghuinstech.com', '9440742598', NULL, '', '', NULL, NULL, 'Permanent', NULL, '', NULL, '', NULL, '', '1984-08-16', '2016-11-10', NULL, NULL, NULL, 'M', NULL, NULL, NULL, '', 1, '2017-08-16 04:12:06', '2017-08-21 05:46:42', '', '', '', '', ''),
(1296, 'rit0121', 'Mr.', 'Kilaparthi Hari Krishna', '', NULL, '2', '6', 'Assistant Professor', 'M.Tech.', 'harikrishna.ece@raghuinstech.com', '9494775485', NULL, '', '', NULL, NULL, 'Probation', NULL, '', NULL, '', NULL, '', '1991-05-05', '2017-07-26', NULL, NULL, NULL, 'M', NULL, NULL, NULL, '', 1, '2017-08-16 04:18:05', '2017-08-21 05:46:42', '', '', '', '', ''),
(1297, 'rit0122', 'Mrs.', 'M Swathi', '', NULL, '2', '6', 'Assistant Professor', 'M.Tech', 'swathi.ece@raghuinstech.com', '9177473154', NULL, '', '', NULL, NULL, 'Probation', NULL, '', NULL, '', NULL, '', NULL, '2017-07-21', NULL, NULL, NULL, 'F', NULL, NULL, NULL, '', 1, '2017-08-18 07:50:04', '2017-08-21 05:46:42', '', '', '', '', ''),
(1298, 'rit0123', 'Mrs.', 'Shalini EDA', '', NULL, '2', '4', 'Assistant Professor', 'M.Tech', 'shalini.ece@raghuinstech.com', '9000614323', NULL, '', '', NULL, NULL, 'Probation', NULL, '', NULL, '', NULL, '', NULL, '2017-08-01', NULL, NULL, NULL, 'F', NULL, NULL, NULL, '', 1, '2017-08-18 07:51:11', '2017-08-21 05:46:42', '', '', '', '', ''),
(1299, 'rit0124', 'Mrs.', 'Saranya Gokavarapu', '', NULL, '2', '4', 'Assistant Professor', 'M.Tech', 'Saranyagokavarapu.cse@raghuinstech.com', '8179805827', NULL, '', '', NULL, NULL, 'Probation', NULL, '', NULL, '', NULL, '', NULL, '2017-08-02', NULL, NULL, NULL, 'F', NULL, NULL, NULL, '', 1, '2017-08-18 07:53:52', '2017-08-21 05:46:42', '', '', '', '', ''),
(1300, 'rit0126', 'Mr.', 'V. Nagendra Babu ', '', NULL, '2', '6', 'Assistant Professor', 'M.Tech', 'Vnagendrababu.cse@raghuinstech.com', '9573414956', NULL, '', '', NULL, NULL, 'Probation', NULL, '', NULL, '', NULL, '', NULL, '2017-08-02', NULL, NULL, NULL, 'M', NULL, NULL, NULL, '', 1, '2017-08-18 07:55:47', '2017-08-21 05:46:42', '', '', '', '', ''),
(1301, 'rit0127', 'Mr.', 'Katta Betty ', '', NULL, '2', '6', 'Assistant Professor', 'M.Tech', 'Kattabetty.ece@raghuinstech.com', '8977772621', NULL, '', '', NULL, NULL, 'Probation', NULL, '', NULL, '', NULL, '', NULL, '2017-08-03', NULL, NULL, NULL, 'M', NULL, NULL, NULL, '', 1, '2017-08-18 07:56:55', '2017-08-21 05:46:42', '', '', '', '', ''),
(1302, 'rit0128', 'Mr.', 'Sri Lakshmi  ', 'Dasari', NULL, '2', '6', 'Assistant Professor', 'M.Tech', 'Dasarisrilakshmidasari Sri Lakshmi .ece@raghuinstech.com', '9182598068', NULL, '', '', NULL, NULL, 'Probation', NULL, '', NULL, '', NULL, '', NULL, '2017-08-07', NULL, NULL, NULL, 'M', NULL, NULL, NULL, '', 1, '2017-08-18 07:59:03', '2017-08-18 07:59:03', '', '', '', '', ''),
(1303, 'rit0129', 'Mrs.', 'G. Sneha Sai', '', NULL, '2', '8', 'Assistant Professor', 'M.Tech', 'G.Snehasai.eee@raghuinstech.com', '9885842757', NULL, '', '', NULL, NULL, 'Probation', NULL, '', NULL, '', NULL, '', NULL, '2017-08-08', NULL, NULL, NULL, 'F', NULL, NULL, NULL, '', 1, '2017-08-18 08:00:22', '2017-08-18 08:00:22', '', '', '', '', ''),
(1304, 'rit0130', 'Dr.', 'Susila Devi ', 'Khongbantabam', NULL, '2', '4', 'Assistant Professor', 'Ph.D', 'Khongbantabamsusiladevi.cse@raghuinstech.com', '8974765973', NULL, '', '', NULL, NULL, 'Probation', NULL, '', NULL, '', NULL, '', NULL, '2017-08-16', NULL, NULL, NULL, 'F', NULL, NULL, NULL, '', 1, '2017-08-18 08:02:10', '2017-08-31 02:08:58', '', '', '', '', ''),
(1305, 'rec0201', 'Mr.', 'Anil', 'Kalisetti', NULL, '1', '9', 'Assistant Professor', 'M. Tech.', 'anil.mech@raghuenggcollege.in', '9542343132', NULL, '', '', NULL, NULL, 'Probation', NULL, '', NULL, '', NULL, '', NULL, '2017-07-17', NULL, NULL, NULL, 'M', NULL, NULL, NULL, '', 1, '2017-08-18 08:12:17', '2017-08-31 22:15:54', '', '', '', '', ''),
(1306, 'rec0209', 'Mr.', 'Susant Kumar Sahu', '', NULL, '1', '9', 'Assistant Professor', 'M.Tech', 'Susantkumarsahu.mech@raghuenggcollege.in', '9778462825', NULL, '', '', NULL, NULL, 'Probation', NULL, '', NULL, '', NULL, '', '2017-08-14', '0000-00-00', NULL, NULL, NULL, 'M', NULL, NULL, NULL, '', 1, '2017-08-18 08:17:19', '2017-08-18 08:17:19', '', '', '', '', ''),
(1307, 'rec0208', 'Mr.', 'Dr. Mohan Kumar', 'Katta', NULL, '1', '9', 'Professor', 'M.S.,Ph.D', 'mohan.mech@raghuenggcollege.in', '8884171285', NULL, '', '', 'Visakhapatnam.', 'Visakhapatnam.', 'Probation', NULL, '', NULL, '', NULL, '', '1981-07-10', '2017-07-29', NULL, NULL, NULL, 'M', NULL, NULL, NULL, '', 1, '2017-08-18 08:28:47', '2017-08-19 04:15:30', '', '', '', '', ''),
(2000, 'rec0202', '', 'Modavalasa Krishnakanth ', '', NULL, '1', '3', 'Assistant Professor', 'M.Sc', 'rit0202', '9666506099', NULL, '', '', NULL, NULL, '', NULL, '', NULL, '', NULL, '', NULL, NULL, NULL, NULL, NULL, NULL, NULL, NULL, NULL, '', 1, '2017-08-04 07:17:33', '2017-08-29 22:03:41', '', '', '', '', ''),
(2001, 'reca001', 'Mr.', 'Dr. I S N Raju', '', NULL, '1', '1', 'Adjunct Faculty', 'M. Tech., PhD, LLB', 'isnraju.civil@raghuenggcollege.in', '9912742228', NULL, '', '', NULL, NULL, 'Permanent', NULL, '', NULL, '', NULL, '', NULL, '2017-08-21', NULL, NULL, NULL, 'M', NULL, NULL, NULL, '', 0, '2017-08-21 04:45:34', '2017-08-24 02:43:03', '', '', '', '', ''),
(2002, 'reca002', 'Mr.', 'A Gurunath', '', NULL, '1', '1', 'Adjunct Faculty', 'B.E,MIE,DES,FIV', 'gurunath.civil@raghuenggcollege.in', 'reca002', NULL, '', '', NULL, NULL, 'Permanent', NULL, '', NULL, '', NULL, '', NULL, '2017-08-21', NULL, NULL, NULL, 'M', NULL, NULL, NULL, '', 1, '2017-08-21 04:46:53', '2017-08-21 05:46:42', '', '', '', '', ''),
(2003, 'reca003', 'Mr.', 'A V B Achari', '', NULL, '1', '9', 'Adjunct Faculty', '', 'achari.mech@raghuenggcollege.in', 'reca003', NULL, '', '', NULL, NULL, 'Permanent', NULL, '', NULL, '', NULL, '', NULL, '2017-08-21', NULL, NULL, NULL, 'M', NULL, NULL, NULL, '', 1, '2017-08-21 04:47:55', '2017-08-21 05:46:42', '', '', '', '', ''),
(2004, 'reca004', 'Mr.', 'G Ravi Chandra', '', NULL, '1', '9', 'Adjunct Faculty', '', 'ravichandra.mech@raghuenggcollege.in', 'reca004', NULL, '', '', NULL, NULL, 'Permanent', NULL, '', NULL, '', NULL, '', NULL, '2017-08-21', NULL, NULL, NULL, 'M', NULL, NULL, NULL, '', 0, '2017-08-21 04:48:45', '2017-08-24 02:47:06', '', '', '', '', ''),
(2005, 'reca005', 'Mr.', 'S Murali', '', NULL, '1', '9', 'Adjunct Faculty', '', 'murali.mech@raghuenggcollege.in', 'reca005', NULL, '', '', NULL, NULL, 'Permanent', NULL, '', NULL, '', NULL, '', NULL, '2017-08-21', NULL, NULL, NULL, 'M', NULL, NULL, NULL, '', 0, '2017-08-21 04:49:41', '2017-08-24 02:47:31', '', '', '', '', ''),
(2006, 'reca006', 'Mr.', 'A Sivayya', '', NULL, '1', '9', 'Adjunct Faculty', '', 'sivyya.mech@raghuenggcollege.in', 'reca006', NULL, '', '', NULL, NULL, 'Permanent', NULL, '', NULL, '', NULL, '', '0000-00-00', '2017-08-21', NULL, NULL, NULL, 'M', NULL, NULL, NULL, '', 0, '2017-08-21 04:50:34', '2017-08-24 02:46:57', '', '', '', '', ''),
(2007, 'reca007', 'Mr.', 'V S Satish Kumar', '', NULL, '1', '9', 'Adjunct Faculty', '', 'satish.mech@raghuenggcollege.in', 'reca007', NULL, '', '', NULL, NULL, 'Permanent', NULL, '', NULL, '', NULL, '', '0000-00-00', '2017-08-21', NULL, NULL, NULL, 'M', NULL, NULL, NULL, '', 0, '2017-08-21 04:51:19', '2017-08-24 02:46:50', '', '', '', '', ''),
(2008, 'reca008', 'Mr.', 'B Malayadri', '', NULL, '1', '9', 'Adjunct Faculty', '', 'malayadri.mech@raghuenggcollege.in', 'reca008', NULL, '', '', NULL, NULL, 'Permanent', NULL, '', NULL, '', NULL, '', '0000-00-00', '2017-08-21', NULL, NULL, NULL, 'M', NULL, NULL, NULL, '', 0, '2017-08-21 04:52:09', '2017-08-24 02:46:40', '', '', '', '', ''),
(2009, 'reca009', 'Mr.', 'B Rama Krishna Rao', '', NULL, '1', '9', 'Adjunct Faculty', '', 'brk.mech@raghuenggcollege.in', 'reca009', NULL, '', '', NULL, NULL, 'Permanent', NULL, '', NULL, '', NULL, '', '0000-00-00', '2017-08-21', NULL, NULL, NULL, 'M', NULL, NULL, NULL, '', 0, '2017-08-21 04:52:52', '2017-08-24 02:47:22', '', '', '', '', ''),
(2010, 'reca010', 'Mr.', 'K Nooka Raju', '', NULL, '1', '9', 'Adjunct Faculty', '', 'nookaraju.mech@raghuenggcollege.in', 'reca010', NULL, '', '', NULL, NULL, 'Permanent', NULL, '', NULL, '', NULL, '', '0000-00-00', '2017-08-21', NULL, NULL, NULL, 'M', NULL, NULL, NULL, '', 1, '2017-08-21 04:53:27', '2017-08-21 05:46:42', '', '', '', '', ''),
(2011, 'reca011', 'Mr.', 'S Veerabhadraiah', '', NULL, '1', '5', 'Adjunct Faculty', 'M.Sc., PG.Dip (Ph.D.)', 'correspondent@raghueducational.org', 'reca011', NULL, '', '', NULL, NULL, 'Permanent', NULL, '', NULL, '', NULL, '', '0000-00-00', '2017-08-21', NULL, NULL, NULL, 'M', NULL, NULL, NULL, '', 0, '2017-08-21 04:54:51', '2017-08-24 02:44:34', '', '', '', '', ''),
(2012, 'reca012', 'Mr.', 'E Venkatapathi Raju', '', NULL, '1', '5', 'Adjunct Faculty', 'B.Tech (IIT-Madras)', 'evraju.ece@raghuenggcollege.in', 'reca012', NULL, '', '', NULL, NULL, 'Permanent', NULL, '', NULL, '', NULL, '', '0000-00-00', '2017-08-21', NULL, NULL, NULL, 'M', NULL, NULL, NULL, '', 1, '2017-08-21 04:55:35', '2017-08-21 05:46:42', '', '', '', '', ''),
(2013, 'reca013', 'Mr.', 'P Vijay Rama Raju', '', NULL, '1', '3', 'Adjunct Faculty', 'MCA', 'vijay.cse@raghuinstech.com', 'reca013', NULL, '', '', NULL, NULL, 'Permanent', NULL, '', NULL, '', NULL, '', NULL, '2017-08-21', NULL, NULL, NULL, 'M', NULL, NULL, NULL, '', 1, '2017-08-21 04:56:23', '2017-09-01 22:54:14', '', '', '', '', ''),
(2014, 'reca014', 'Mr.', 'D Lakshmipathi Raju', '', NULL, '1', '3', 'Adjunct Faculty', 'MCA', 'dlpraju.cse@raghuenggcollege.in', '9177611871', NULL, '', '', NULL, NULL, 'Permanent', NULL, '', NULL, '', NULL, '', NULL, '2017-08-21', NULL, NULL, NULL, 'M', NULL, NULL, NULL, '', 1, '2017-08-21 04:57:19', '2017-08-29 22:01:59', '', '', '', '', ''),
(2015, 'reca015', 'Dr.', 'L P Thorani', 'Y', NULL, '1', '11', 'Adjunct Faculty', 'PhD', 'ylpthorani.hs@raghuenggcollege.in', 'reca015', NULL, '', '', NULL, NULL, 'Permanent', NULL, '', NULL, '', NULL, '', NULL, '2017-08-21', NULL, NULL, NULL, 'M', NULL, NULL, NULL, '', 0, '2017-08-21 04:58:05', '2017-08-31 02:05:34', '', '', '', '', ''),
(2016, 'REC1010', 'Mr.', 'Rohith', 'Raja', NULL, '1', '3', 'Developer', 'B. Tech.', 'rajarohit.in@gmail.com', '8374384580', 'REC1010_dp.jpg', '', '', '8-181/1, Tailors Colony, Gopalapatnam, Visakhapatnam - 530029', '8-181/1, Tailors Colony, Gopalapatnam, Visakhapatnam - 530029', 'Contract', '2525 4545 8585', 'REC1010_pan.jpg', '8585 2525 4545', 'REC1010_aadhar.jpg', '2255 8855 4455', 'REC1010_passport.jpg', NULL, '2017-01-05', NULL, NULL, NULL, 'M', NULL, NULL, NULL, '', 0, '2017-08-23 06:29:30', '2017-09-18 21:57:22', '', '', '', '', ''),
(2017, 'AKVIT00001', 'Mr.', 'Kiran', 'Y S ', NULL, '4', '13', 'Adjunct Faculty', 'AMIE', 'kiran.ys@akrivia.in', '8500373704', NULL, '', '', 'Door # 14-34, P M Palem, Near Second Bus Stop, Madhurawada, Visakhapatnam - 530041', 'Door # 14-34, P M Palem, Near Second Bus Stop, Madhurawada, Visakhapatnam - 530041', 'Permanent', NULL, '', NULL, '', NULL, '', '1979-08-04', '2007-08-27', NULL, NULL, NULL, 'M', NULL, NULL, NULL, '', 1, '2017-08-29 06:57:07', '2017-08-29 06:57:07', '', '', '', '', ''),
(2018, 'AKVIT00002', 'Mr.', 'Sravan Kumar', 'R', NULL, '4', '13', 'Adjunct Faculty', 'MBA', 'sravan.r@akrivia.in', '9849197874', NULL, '', '', 'LIG 24, Phase 2, VUDA Colony, Vizianagaram - 535003', 'LIG 24, Phase 2, VUDA Colony, Vizianagaram - 535003', 'Permanent', NULL, '', NULL, '', NULL, '', '1983-08-18', '2015-09-01', NULL, NULL, NULL, 'M', NULL, NULL, NULL, '', 1, '2017-08-29 07:01:57', '2017-08-29 07:01:57', '', '', '', '', ''),
(2019, 'AKVIT00003', 'Mr.', 'Bhaskar', 'S', NULL, '4', '13', 'Adjunct Faculty', 'B. Tech.', 'bhaskar.s@akrivia.in', '9703400284', NULL, '', '', 'Garudabilli Village, Bondapalli Mandal, Vizianagaram - 535260', 'Garudabilli Village, Bondapalli Mandal, Vizianagaram - 535260', 'Permanent', NULL, '', NULL, '', NULL, '', '1993-03-11', '2015-12-21', NULL, NULL, NULL, 'M', NULL, NULL, NULL, '', 1, '2017-08-29 07:07:58', '2017-08-29 07:07:58', '', '', '', '', ''),
(2020, 'rec0210', 'Dr.', 'Sasi Kiran', 'Pasupuleti ', NULL, '1', '7', 'Professor', 'M.E., PhD', 'kiran.eee@raghuenggcollege.in', '9491264518', NULL, '', '', NULL, NULL, 'Probation', NULL, '', NULL, '', NULL, '', NULL, '2017-08-23', NULL, NULL, NULL, 'M', NULL, NULL, NULL, '', 1, '2017-08-30 01:23:01', '2017-08-31 01:56:23', '', '', '', '', ''),
(2021, 'rec0211', 'Mr.', 'Narasimha Raju ', 'P', NULL, '1', '11', 'Assistant Professor', 'M.Sc., M. Tech.', '9703627444@g', '9703627444', NULL, '', '', '', NULL, 'Probation', NULL, '', NULL, '', NULL, '', NULL, '2017-08-24', NULL, NULL, NULL, 'M', NULL, NULL, NULL, '', 1, '2017-08-30 01:49:33', '2017-08-30 01:49:33', '', '', '', '', ''),
(2022, 'rec0212', 'Mr.', 'S. Naidu ', 'Velagala', NULL, '1', '9', 'Assistant Professor', 'M. Tech.', 'vsnaidu343@gmail.com', '9985665595', NULL, '', '', 'Kusumuru, Thelam Mandal, Vizianagaram District, AP ', 'Kusumuru, Thelam Mandal, Vizianagaram District, AP ', 'Probation', NULL, '', NULL, '', NULL, '', NULL, '2017-08-28', NULL, NULL, NULL, 'M', NULL, NULL, NULL, '', 1, '2017-08-30 01:54:30', '2017-08-30 01:54:50', '', '', '', '', ''),
(2023, 'recn0001', 'Mr.', 'SWAMY NAIDU', 'Y', NULL, '1', '17', 'System Administrator', 'B Sc', 'yswamynaidu@gmail.com', '9701841804', 'recn0001_dp.jpg', '', '', 'Visakhapatnam', 'Visakhapatnam', 'Permanent', NULL, '', NULL, '', NULL, '', NULL, '2001-11-01', NULL, NULL, NULL, 'M', NULL, NULL, NULL, '', 1, '2017-08-30 06:06:18', '2017-08-30 22:38:36', '', '', '', '', ''),
(2024, 'recn003', 'Mr.', 'Satti Babu', 'K', NULL, '4', '18', 'Transportation Incharge', 'aaa', '9440326829@g', '9440326829', NULL, '', '', 'a', 'a', 'Permanent', NULL, '', NULL, '', NULL, '', NULL, '2001-11-20', NULL, NULL, NULL, 'M', NULL, NULL, NULL, '', 1, '2017-08-30 07:00:43', '2017-08-31 06:02:42', '', '', '', '', ''),
(2025, 'recn0009', 'Mr.', 'Prakash', 'K', NULL, '4', '16', 'Supervisor', 'Supervisor', '9550752880@g', '9550752880', NULL, '', '', 'A', 'A', 'Permanent', NULL, '', NULL, '', NULL, '', NULL, '2006-12-21', NULL, NULL, NULL, 'M', NULL, NULL, NULL, '', 1, '2017-08-31 06:09:31', '2017-08-31 06:12:28', '', '', '', '', ''),
(2026, 'recn0043', 'Mr.', 'Kasipati', 'Arsavelli', NULL, '1', '5', 'Trainer', 'B.Tech.', 'engineer2.iot@akrivia.in', '8500886526', NULL, '', '', 'F4, Larson Plaza, Venkateswara colony, Sheelanagar, Visakhapatnam- 530012', '1-106, Brahmin Street, Atchutapuram village, Nagarikatam post, Jalumuru mandal, Srikakualm dist-532428', 'Permanent', NULL, '', NULL, '', NULL, '', '1987-08-25', '2015-12-09', NULL, NULL, NULL, 'M', NULL, NULL, NULL, '', 1, '2017-09-01 00:07:03', '2017-09-11 04:14:51', '', '', '', '', ''),
(2028, 'rec0213', 'Ms.', 'Sabitha', 'Mantina', NULL, '1', '5', 'Assistant Professor', 'M. Tech.', 'sabitha863@gmail.com', '8886565291', NULL, '', '', 'Door no: 35-38/B, near bonthu vari rice mill, Venkunaidupeta, Narsipatnan-531116', 'Door no: 35-38/B, near bonthu vari rice mill, Venkunaidupeta, Narsipatnan-531116', 'Probation', NULL, '', NULL, '', NULL, '', '1992-08-31', '2017-09-01', NULL, NULL, NULL, 'F', NULL, NULL, NULL, '', 1, '2017-09-13 01:09:49', '2017-09-13 01:09:49', '', '', '', '', ''),
(2029, 'rec0206', 'Ms.', 'Hima Bindu', 'Kalla', NULL, '1', '3', 'Assistant Professor', 'M. Tech.', 'himabindu.cse@raghuenggcollege.in', '9177834526', NULL, '', '', 'Door# 11-30-3, Subhash Road, Bheemunipatnam Mandal, Visakhapatnam - 531163', 'Door# 11-30-3, Subhash Road, Bheemunipatnam Mandal, Visakhapatnam - 531163', 'Probation', NULL, '', NULL, '', NULL, '', NULL, '2017-07-27', NULL, NULL, NULL, 'F', NULL, NULL, NULL, '', 1, '2017-09-14 02:55:47', '2017-09-18 03:26:27', '', '', '', '', ''),
(2031, 'rec0214', 'Mr.', 'Chandra Sekhar', 'Kesanakurthi', NULL, '1', '11', 'Assistant Professor', 'M. Sc. (Organic Chemistry)', 'chandu3327@gmail.com', '9666559454', NULL, '', '', 'D. No. 1-98, Boddapalem (V), Anandapuran (M), Bhimili (Post), Visakhapatnam (Dist) - 531163', 'D. No. 1-98, Boddapalem (V), Anandapuran (M), Bhimili (Post), Visakhapatnam (Dist) - 531163', 'Probation', NULL, '', NULL, '', NULL, '', '1992-06-11', '2017-09-16', NULL, NULL, NULL, 'M', NULL, NULL, NULL, '', 1, '2017-09-18 02:57:29', '2017-09-18 02:57:29', '', '', '', '', ''),
(2032, 'rit0132', 'Mr.', 'Venkata Gurucharan', 'Vempati', NULL, '2', '12', 'Assistant Professor', 'M. A. (English Literature)', 'vempatiguru@gmail.com', '9885040536', NULL, '', '', '7-5-113, Prabhu Nivasam, Pandurangapuram, Visakhapatnam - 530003', '7-5-113, Prabhu Nivasam, Pandurangapuram, Visakhapatnam - 530003', 'Probation', NULL, '', NULL, '', NULL, '', '1965-03-23', '2017-09-15', NULL, NULL, NULL, 'M', NULL, NULL, NULL, '', 1, '2017-09-18 03:03:41', '2017-09-18 03:20:31', '', '', '', '', ''),
(2033, 'rit0131', 'Mr.', 'Mahesh', 'Bonela', NULL, '2', '4', 'Assistant Professor', 'M. Tech.', 'maheshb.cse@raghuinstech.com', '--', NULL, '', '', '--', NULL, 'Probation', NULL, '', NULL, '', NULL, '', NULL, '2017-08-01', NULL, NULL, NULL, 'M', NULL, NULL, NULL, '', 1, '2017-09-18 03:09:23', '2017-09-18 03:09:23', '', '', '', '', '');

-- --------------------------------------------------------

--
-- Table structure for table `students`
--

CREATE TABLE `students` (
  `id` int(6) NOT NULL,
  `firstname` varchar(255) NOT NULL,
  `lastname` varchar(255) NOT NULL,
  `dispname` varchar(15) NOT NULL,
  `reg_no` varchar(12) NOT NULL,
  `college` varchar(20) NOT NULL,
  `course` varchar(20) NOT NULL,
  `branch` varchar(20) NOT NULL,
  `year` int(11) NOT NULL,
  `section` int(11) NOT NULL,
  `fathername` varchar(255) DEFAULT NULL,
  `mothername` varchar(255) DEFAULT NULL,
  `email` varchar(255) DEFAULT NULL,
  `mobile` varchar(20) DEFAULT NULL,
  `dp` varchar(30) DEFAULT NULL,
  `present_address` text NOT NULL,
  `permanent_address` text,
  `aadhar` varchar(20) DEFAULT NULL,
  `aadhar_file` varchar(255) NOT NULL,
  `passport` varchar(255) NOT NULL,
  `passport_file` varchar(255) NOT NULL,
  `pan` varchar(255) NOT NULL,
  `pan_file` varchar(255) NOT NULL,
  `dob` date NOT NULL,
  `placeob` varchar(255) DEFAULT NULL,
  `stateob` varchar(255) DEFAULT NULL,
  `countryob` varchar(255) DEFAULT NULL,
  `gender` varchar(1) DEFAULT NULL,
  `nationality` varchar(30) DEFAULT NULL,
  `religion` varchar(30) DEFAULT NULL,
  `caste` varchar(30) DEFAULT NULL,
  `role` varchar(20) NOT NULL,
  `status` tinyint(1) NOT NULL,
  `created_at` datetime NOT NULL DEFAULT CURRENT_TIMESTAMP,
  `updated_at` datetime NOT NULL DEFAULT CURRENT_TIMESTAMP,
  `admission_category` varchar(20) NOT NULL,
  `admission_no` varchar(255) NOT NULL,
  `enrollment_no` varchar(255) NOT NULL,
  `entry_passout` varchar(255) NOT NULL,
  `living_status` varchar(255) NOT NULL,
  `admission_type` varchar(255) NOT NULL,
  `admission_date` varchar(255) NOT NULL,
  `scholarship_status` varchar(255) NOT NULL,
  `staff_child` varchar(255) NOT NULL,
  `transport` varchar(255) NOT NULL,
  `aconomically_backword` varchar(255) NOT NULL,
  `father_income` varchar(255) NOT NULL,
  `mother_income` varchar(255) NOT NULL,
  `proposed_discount` varchar(255) NOT NULL,
  `personal_email` varchar(255) NOT NULL,
  `personal_phone_no` varchar(255) NOT NULL
) ENGINE=InnoDB DEFAULT CHARSET=utf8;

--
-- Dumping data for table `students`
--

INSERT INTO `students` (`id`, `firstname`, `lastname`, `dispname`, `reg_no`, `college`, `course`, `branch`, `year`, `section`, `fathername`, `mothername`, `email`, `mobile`, `dp`, `present_address`, `permanent_address`, `aadhar`, `aadhar_file`, `passport`, `passport_file`, `pan`, `pan_file`, `dob`, `placeob`, `stateob`, `countryob`, `gender`, `nationality`, `religion`, `caste`, `role`, `status`, `created_at`, `updated_at`, `admission_category`, `admission_no`, `enrollment_no`, `entry_passout`, `living_status`, `admission_type`, `admission_date`, `scholarship_status`, `staff_child`, `transport`, `aconomically_backword`, `father_income`, `mother_income`, `proposed_discount`, `personal_email`, `personal_phone_no`) VALUES
(1, 'Vinay', 'Kumar', 'Vinay', '125CSE895', '1', '1', '5', 2, 2, NULL, NULL, 'cse_student@raghuenggcollege.com', '9879875850', '125CSE895_dp.jpg', 'Raghu Engineering College', 'NAD Kotha Road', '', '', '', '', '', '', '2017-07-23', 'ap', 'ap', 'India', 'M', 'Indian', 'Hindu', 'Kshatriyas', '', 2, '2017-06-15 00:00:00', '2017-08-31 17:38:31', 'BC-A', '125CSE895', '125CSE895', '2013-2017', 'Day Scholar', 'Counciling (Convener)', '2017-07-23', 'No', 'No', 'No', 'No', '1,50,000', '75,000', 'No', 'vinay@gmail.com', '2563415263'),
(5, 'Manoj Varma', 'K', 'Maonoj', 'rec539', '1', '1', '7', 2, 2, 'Father', 'Mother', 'manoj539@gmail.com', '7895213640', NULL, 'Town kotha road', 'Akayapalam', '1234 5678 9512', 'rec539_aadhar.png', '', '', '', '', '2017-07-23', 'Kakinada', 'Ap', 'India', 'M', 'Indian', 'Hindhu', 'Oc', '', 1, '2017-08-17 14:33:05', '2017-08-31 17:38:34', 'General', '2541455722210', '13981A0539', '2013-2017', 'Day Scholar', 'Counciling (Convener)', '2017-07-07', 'Yes', 'No', 'No', 'Yes', '200000', '7000', 'Yes', 'manojvarama143@gmail.com', '90005060404010203'),
(6, 'Rohith', 'Asina', 'Rohith', 'rec507', '2', '2', '1', 2, 2, NULL, NULL, 'rajarohit.in@gmail.com', '8374384580', NULL, 'Visakhapatnam', 'Visakhapatnam', '1234 5678 9541', 'rec507_aadhar.png', '', '', '9845 6574 2654', 'rec507_pan.png', '2017-08-17', 'vsk', 'Ap', 'India', 'M', 'Indian', 'Christian', 'oc', '', 1, '2017-08-17 15:09:44', '2017-08-31 17:38:37', 'OBC', 'RECCS13981507', 'ENRRECCSE5', '2013-2017', 'Day Scholar', 'Counciling (Convener)', '2017-08-17', 'Yes', 'No', 'No', 'Yes', '70000', '30000', 'Yes', 'raja@gmail.com', '8374384580'),
(7, 'rahul', '123987', '123987', 'RECECE4ACR', '1', '1', '3', 2, 2, NULL, NULL, '123987@gmail.com', '123987', NULL, '123987', '123987', NULL, '', '', '', '', '', '2017-08-01', NULL, NULL, NULL, 'M', NULL, NULL, NULL, '', 1, '2017-08-29 09:23:48', '2017-09-02 14:26:51', 'BC-D', '123987', '123987', '123987', 'Day Scholar', 'Counciling (Convener)', '2017-08-01', 'Yes', '', '', '', '', '', '', '', ''),
(8, 'ramesh', '123987', '123987', 'rec034', '1', '1', '3', 2, 2, NULL, NULL, '12398ss7@gmail.com', '1239387', NULL, '1239dfd 87', '1239asdf87', NULL, '', '', '', '', '', '2017-08-01', NULL, NULL, NULL, 'F', NULL, NULL, NULL, '', 1, '2017-08-29 09:23:48', '2017-09-05 12:12:18', 'BC-D', '123987', '123987', '123987', 'Day Scholar', 'Counciling (Convener)', '2017-08-01', 'Yes', '', '', '', '', '', '', '', '');

--
-- Indexes for dumped tables
--

--
-- Indexes for table `messages`
--
ALTER TABLE `messages`
  ADD PRIMARY KEY (`mid`);

--
-- Indexes for table `staff`
--
ALTER TABLE `staff`
  ADD PRIMARY KEY (`id`);

--
-- Indexes for table `students`
--
ALTER TABLE `students`
  ADD PRIMARY KEY (`id`);

--
-- AUTO_INCREMENT for dumped tables
--

--
-- AUTO_INCREMENT for table `messages`
--
ALTER TABLE `messages`
  MODIFY `mid` int(11) NOT NULL AUTO_INCREMENT, AUTO_INCREMENT=108;
--
-- AUTO_INCREMENT for table `staff`
--
ALTER TABLE `staff`
  MODIFY `id` smallint(6) UNSIGNED NOT NULL AUTO_INCREMENT, AUTO_INCREMENT=2034;
--
-- AUTO_INCREMENT for table `students`
--
ALTER TABLE `students`
  MODIFY `id` int(6) NOT NULL AUTO_INCREMENT, AUTO_INCREMENT=9;
/*!40101 SET CHARACTER_SET_CLIENT=@OLD_CHARACTER_SET_CLIENT */;
/*!40101 SET CHARACTER_SET_RESULTS=@OLD_CHARACTER_SET_RESULTS */;
/*!40101 SET COLLATION_CONNECTION=@OLD_COLLATION_CONNECTION */;
